"Tree"	"Family"	"Genus"	"Species"	"Htrunc"	"Htot"	"DBH"	"Db"	"Dm"	"Dh"	"Wleaves"	"Wbranches"	"Wtrunc"	"AGB"	"Site"	"Worker"
"J1"	"Fabaceae"	"Albizzia"	"Albizzia mahaleo"	2.5	4.25	4.77464829275686	5.69774696268985	4.83831026999362	3.88338061144225	"NA"	3.99	4.46	8.45	"Fort-Dauphin-Dry"	"Sarobidy"
"J2"	"Fabaceae"	"Albizzia"	"Albizzia mahaleo"	2.3	4.4	5.25211312203255	6.36619772367581	5.4749300423612	4.45633840657307	"NA"	6.56	5.26	11.82	"Fort-Dauphin-Dry"	"Sarobidy"
"J3"	"Fabaceae"	"Albizzia"	"Albizzia mahaleo"	2.1	4.5	4.45633840657307	6.42985970091257	4.77464829275686	3.81971863420549	"NA"	4.4	3.93	8.33	"Fort-Dauphin-Dry"	"Sarobidy"
"J4"	"Fabaceae"	"Albizzia"	"Albizzia mahaleo"	3.35	5.65	8.40338099525207	9.39014164242183	7.95774715459477	6.42985970091257	"NA"	13.5	17.25	30.75	"Fort-Dauphin-Dry"	"Sarobidy"
"J5"	"Fabaceae"	"Albizzia"	"Albizzia tulearensis"	2.7	6.7	6.81183156433312	7.63943726841098	7.63943726841098	5.72957795130823	"NA"	8.25	9.15	17.4	"Fort-Dauphin-Dry"	"Sarobidy"
"J6"	"Fabaceae"	"Albizzia"	"Albizzia tulearensis"	2.8	5.7	5.92056388301851	7.0028174960434	5.79323992854499	4.83831026999362	"NA"	5.63	7.06	12.69	"Fort-Dauphin-Dry"	"Sarobidy"
"J7"	"Fabaceae"	"Albizzia"	"Albizzia tulearensis"	1.5	5.3	12.2867616066943	13.687325105903	12.7323954473516	12.2549306180759	"NA"	49	20.52	69.52	"Fort-Dauphin-Dry"	"Sarobidy"
"J8"	"Fabaceae"	"Albizzia"	"Albizzia tulearensis"	3.21	5.9	10.5678882213019	12.5732405042597	10.0267614147894	8.59436692696235	"NA"	22.25	26.99	49.24	"Fort-Dauphin-Dry"	"Sarobidy"
"J9"	"Fabaceae"	"Albizzia"	"Albizzia tulearensis"	3.95	7.7	10.1859163578813	12.9870433562987	9.61295856275048	8.43521198387045	"NA"	22.25	33.25	55.5	"Fort-Dauphin-Dry"	"Sarobidy"
"F1"	"Flacourtiaceae"	"Albizzia"	"Albizzia sp."	9	12	10	12	9	7	5	25	61	91	"Fort-Dauphin-Moist"	"Sarobidy"
"F2"	"Flacourtiaceae"	"Albizzia"	"Albizzia sp."	7	13	10	12	9	7	15	25	65	105	"Fort-Dauphin-Moist"	"Sarobidy"
"F3"	"Flacourtiaceae"	"Albizzia"	"Albizzia sp."	9	12	14	15	9	8	20	25	120	165	"Fort-Dauphin-Moist"	"Sarobidy"
"F4"	"Flacourtiaceae"	"Albizzia"	"Albizzia sp."	14	21	18	20	15	14	111	44	3321	3476	"Fort-Dauphin-Moist"	"Sarobidy"
"F5"	"Flacourtiaceae"	"Albizzia"	"Albizzia sp."	13	19	19	23	15	13	53	54	307	414	"Fort-Dauphin-Moist"	"Sarobidy"
"F6"	"Flacourtiaceae"	"Albizzia"	"Albizzia sp."	10	16	24	25	21	16	188	80	454	722	"Fort-Dauphin-Moist"	"Sarobidy"
"F7"	"Flacourtiaceae"	"Albizzia"	"Albizzia sp."	16	25	30	32	23	16	154	57	744	955	"Fort-Dauphin-Moist"	"Sarobidy"
"F8"	"Flacourtiaceae"	"Albizzia"	"Albizzia sp."	11	22	33	34	29	26	466	70	788	1324	"Fort-Dauphin-Moist"	"Sarobidy"
"F9"	"Flacourtiaceae"	"Albizzia"	"Albizzia sp."	9	20	28	27	25	24	344	55	444	843	"Fort-Dauphin-Moist"	"Sarobidy"
"C1"	"Didiereaceae"	"Alluaudia"	"Alluaudia procera"	"NA"	3.36	6.04788783749202	"NA"	4.45633840657307	6.55718365538609	"NA"	"NA"	"NA"	6.58	"Fort-Dauphin-Dry"	"Sarobidy"
"C2"	"Didiereaceae"	"Alluaudia"	"Alluaudia dumosa"	"NA"	3.4	5.85690190578175	"NA"	"NA"	"NA"	"NA"	"NA"	"NA"	20.27	"Fort-Dauphin-Dry"	"Sarobidy"
"C3"	"Didiereaceae"	"Alluaudia"	"Alluaudia procera"	"NA"	3.53	5.09295817894065	"NA"	4.61549334966497	6.6845076098596	"NA"	"NA"	"NA"	6.55	"Fort-Dauphin-Dry"	"Sarobidy"
"C4"	"Didiereaceae"	"Alluaudia"	"Alluaudia procera"	"NA"	6.8	8.91267681314614	"NA"	8.91267681314614	9.54929658551372	"NA"	"NA"	"NA"	31.14	"Fort-Dauphin-Dry"	"Sarobidy"
"C5"	"Didiereaceae"	"Alluaudia"	"Alluaudia dumosa"	"NA"	3.83	7.63943726841098	"NA"	"NA"	"NA"	"NA"	"NA"	"NA"	38.49	"Fort-Dauphin-Dry"	"Sarobidy"
"C6"	"Didiereaceae"	"Alluaudia"	"Alluaudia procera"	"NA"	7.19	9.23098669932993	"NA"	8.91267681314614	10.8225361302489	"NA"	"NA"	"NA"	33.62	"Fort-Dauphin-Dry"	"Sarobidy"
"C7"	"Didiereaceae"	"Alluaudia"	"Alluaudia procera"	"NA"	7.47	14.9605646506382	"NA"	13.2098602766273	14.9605646506382	"NA"	"NA"	"NA"	83.57	"Fort-Dauphin-Dry"	"Sarobidy"
"C8"	"Didiereaceae"	"Alluaudia"	"Alluaudia dumosa"	"NA"	7.26	23.5549315776005	"NA"	"NA"	"NA"	"NA"	"NA"	"NA"	427.79	"Fort-Dauphin-Dry"	"Sarobidy"
"C9"	"Didiereaceae"	"Alluaudia"	"Alluaudia procera"	"NA"	7.88	13.687325105903	"NA"	13.0507053335354	14.1647899351787	"NA"	"NA"	"NA"	77.7	"Fort-Dauphin-Dry"	"Sarobidy"
"Ast1"	"Loganiaceae"	"Anthocleista"	"Anthocleista madagascariensis"	6.4	16.3	34.2	"NA"	28.6	30.6	263.75	1064.25	413.5	1741.5	"Bealanana"	"Hasina"
"Ast2"	"Loganiaceae"	"Anthocleista"	"Anthocleista madagascariensis"	2.4	10.5	14.5	"NA"	14	13.4	38.75	98.25	45.25	182.25	"Bealanana"	"Hasina"
"Ast3"	"Loganiaceae"	"Anthocleista"	"Anthocleista madagascariensis"	3.1	11.3	12.6	"NA"	12.2	12.3	17.75	84	40.25	142	"Bealanana"	"Hasina"
"Ast4"	"Loganiaceae"	"Anthocleista"	"Anthocleista madagascariensis"	3.64	11.4	15.2	"NA"	12.1	11	30	52	57	139	"Bealanana"	"Hasina"
"Ast5"	"Loganiaceae"	"Anthocleista"	"Anthocleista madagascariensis"	2.2	13.3	31	"NA"	30.8	29	163.25	832.25	170.5	1166	"Bealanana"	"Hasina"
"Ast6"	"Loganiaceae"	"Anthocleista"	"Anthocleista madagascariensis"	6.84	17.05	32.1	"NA"	33.8	27.5	191.5	648.75	538.25	1378.5	"Bealanana"	"Hasina"
"Ast7"	"Loganiaceae"	"Anthocleista"	"Anthocleista madagascariensis"	2.9	18.06	44	"NA"	37.8	39.5	438.75	2337.25	424.5	3200.5	"Bealanana"	"Hasina"
"Ast8"	"Loganiaceae"	"Anthocleista"	"Anthocleista madagascariensis"	4.54	17.84	42.2	"NA"	38.9	39.9	312.5	2348.25	648.5	3309.25	"Bealanana"	"Hasina"
"Ast9"	"Loganiaceae"	"Anthocleista"	"Anthocleista madagascariensis"	3.2	16.8	41.3	"NA"	37.2	41	311.5	1893.5	443.25	2648.25	"Bealanana"	"Hasina"
"Aph1"	"Flacourtiaceae"	"Aphloia"	"Aphloia theaeformis"	7.83	10.98	15.5	"NA"	15.3	15.2	3	15.75	103	121.75	"Bealanana"	"Hasina"
"Aph2"	"Flacourtiaceae"	"Aphloia"	"Aphloia theaeformis"	4.9	10.2	22	"NA"	13.9	11	18.75	29.5	84	132.25	"Bealanana"	"Hasina"
"Aph3"	"Flacourtiaceae"	"Aphloia"	"Aphloia theaeformis"	9.83	13.87	21	"NA"	10.4	8.7	16	12.5	90.25	118.75	"Bealanana"	"Hasina"
"Aph4"	"Flacourtiaceae"	"Aphloia"	"Aphloia theaeformis"	6	17.54	34.7	"NA"	28.3	25.2	53.5	378.5	442.5	874.5	"Bealanana"	"Hasina"
"Aph5"	"Flacourtiaceae"	"Aphloia"	"Aphloia theaeformis"	2	12.7	26	"NA"	24.2	24.5	40.25	240.5	101	381.75	"Bealanana"	"Hasina"
"Aph6"	"Flacourtiaceae"	"Aphloia"	"Aphloia theaeformis"	2.7	12.9	29.8	"NA"	28	27.5	66.75	356.5	184.5	607.75	"Bealanana"	"Hasina"
"Amp3"	"Rhamnaceae"	"Bathiorhamnus"	"Bathiorhamnus sp."	7.5	12.88	13.3	"NA"	11.8	10	45.25	20.75	89	155	"Bealanana"	"Hasina"
"G1"	"Myristicaceae"	"Brochoneura "	"Brochoneura madagascariensis"	16	22	16	19	14	9	36	24	210	270	"Fort-Dauphin-Moist"	"Sarobidy"
"G2"	"Myristicaceae"	"Brochoneura "	"Brochoneura madagascariensis"	14	19	14	17	12	8	15	29	170	214	"Fort-Dauphin-Moist"	"Sarobidy"
"G3"	"Myristicaceae"	"Brochoneura "	"Brochoneura madagascariensis"	10	16	11	14	10	7	10	15	61	86	"Fort-Dauphin-Moist"	"Sarobidy"
"G4"	"Myristicaceae"	"Brochoneura "	"Brochoneura madagascariensis"	15	24	20	22	16	13	59.5	42	284	385.5	"Fort-Dauphin-Moist"	"Sarobidy"
"G5"	"Myristicaceae"	"Brochoneura "	"Brochoneura madagascariensis"	12	21	19	21	15	19	56	48	244	348	"Fort-Dauphin-Moist"	"Sarobidy"
"G6"	"Myristicaceae"	"Brochoneura "	"Brochoneura madagascariensis"	17	24	21	22	17	12	55	49	367	471	"Fort-Dauphin-Moist"	"Sarobidy"
"G7"	"Myristicaceae"	"Brochoneura "	"Brochoneura madagascariensis"	18	25	28	33	22	17	221	120	809	1150	"Fort-Dauphin-Moist"	"Sarobidy"
"G8"	"Myristicaceae"	"Brochoneura "	"Brochoneura madagascariensis"	24	33	35	37	27	19	282	174	1587	2043	"Fort-Dauphin-Moist"	"Sarobidy"
"G9"	"Myristicaceae"	"Brochoneura "	"Brochoneura madagascariensis"	17	27	33	36	30	21	115	100	900	1115	"Fort-Dauphin-Moist"	"Sarobidy"
"CAL1"	"Clusiaceae"	"Calophyllum"	"Calophyllum sp."	7	11	9.55414012738853	"NA"	"NA"	"NA"	3.5	4.5	30.5	38.5	"Fandriana"	"Samuelson"
"CAL2"	"Clusiaceae"	"Calophyllum"	"Calophyllum sp."	5.5	11	8.59872611464968	"NA"	"NA"	"NA"	2	7	20	29	"Fandriana"	"Samuelson"
"CAL3"	"Clusiaceae"	"Calophyllum"	"Calophyllum sp."	6	10.2	8.59872611464968	"NA"	"NA"	"NA"	1.5	3.5	23.5	28.5	"Fandriana"	"Samuelson"
"CAL4"	"Clusiaceae"	"Calophyllum"	"Calophyllum sp."	8.8	13	16.8789808917197	"NA"	"NA"	"NA"	19.5	51	106	176.5	"Fandriana"	"Samuelson"
"CAL5"	"Clusiaceae"	"Calophyllum"	"Calophyllum sp."	8.4	12	19.1082802547771	"NA"	"NA"	"NA"	21	40	247	308	"Fandriana"	"Samuelson"
"CAL6"	"Clusiaceae"	"Calophyllum"	"Calophyllum sp."	3.2	10.5	19.1082802547771	"NA"	"NA"	"NA"	41	112.5	101	254.5	"Fandriana"	"Samuelson"
"CAL7"	"Clusiaceae"	"Calophyllum"	"Calophyllum sp."	4	11	29.9363057324841	"NA"	"NA"	"NA"	101	245	396.5	742.5	"Fandriana"	"Samuelson"
"CAL8"	"Clusiaceae"	"Calophyllum"	"Calophyllum sp."	7.5	11	28.6624203821656	"NA"	"NA"	"NA"	100	279.5	428.5	808	"Fandriana"	"Samuelson"
"CAL9"	"Clusiaceae"	"Calophyllum"	"Calophyllum sp."	8.6	12	28.6624203821656	"NA"	"NA"	"NA"	59.5	201.5	393.5	654.5	"Fandriana"	"Samuelson"
"CAM1"	"Ochnaceae"	"Campylospermum"	"Campylospermum sp."	5.8	7.8	6.36942675159236	"NA"	"NA"	"NA"	0.75	4	15	19.75	"Fandriana"	"Samuelson"
"CAM2"	"Ochnaceae"	"Campylospermum"	"Campylospermum sp."	4.5	7.2	7.00636942675159	"NA"	"NA"	"NA"	5.8	7	17.5	30.3	"Fandriana"	"Samuelson"
"CAM3"	"Ochnaceae"	"Campylospermum"	"Campylospermum sp."	8.8	12	9.55414012738853	"NA"	"NA"	"NA"	10.5	17	62	89.5	"Fandriana"	"Samuelson"
"CAM4"	"Ochnaceae"	"Campylospermum"	"Campylospermum sp."	12	16.6	16.5605095541401	"NA"	"NA"	"NA"	22	34.75	200	256.75	"Fandriana"	"Samuelson"
"CAM5"	"Ochnaceae"	"Campylospermum"	"Campylospermum sp."	7.2	12.5	14.6496815286624	"NA"	"NA"	"NA"	27	37.5	108.5	173	"Fandriana"	"Samuelson"
"CAM6"	"Ochnaceae"	"Campylospermum"	"Campylospermum sp."	7.1	14	28.6624203821656	"NA"	"NA"	"NA"	61.5	165.5	505.25	732.25	"Fandriana"	"Samuelson"
"CAN1"	"Burseraceae"	"Canarium"	"Canarium sp."	3.3	6.3	9.23566878980892	"NA"	"NA"	"NA"	3.5	8.5	20	32	"Fandriana"	"Samuelson"
"CAN2"	"Burseraceae"	"Canarium"	"Canarium sp."	4.5	7.2	8.9171974522293	"NA"	"NA"	"NA"	5.5	55.5	27.5	88.5	"Fandriana"	"Samuelson"
"CAN3"	"Burseraceae"	"Canarium"	"Canarium sp."	6	7.7	8.59872611464968	"NA"	"NA"	"NA"	2.5	15.5	22	40	"Fandriana"	"Samuelson"
"CAN4"	"Burseraceae"	"Canarium"	"Canarium sp."	6.5	9.32	15.9235668789809	"NA"	"NA"	"NA"	24	85	67	176	"Fandriana"	"Samuelson"
"CAN5"	"Burseraceae"	"Canarium"	"Canarium sp."	5.1	11.7	19.1082802547771	"NA"	"NA"	"NA"	4	24	102	130	"Fandriana"	"Samuelson"
"CAN6"	"Burseraceae"	"Canarium"	"Canarium sp."	5	9.2	17.8343949044586	"NA"	"NA"	"NA"	9.5	30	65	104.5	"Fandriana"	"Samuelson"
"CAN7"	"Burseraceae"	"Canarium"	"Canarium sp."	8	13	28.0254777070064	"NA"	"NA"	"NA"	25	71	217	313	"Fandriana"	"Samuelson"
"CAN9"	"Burseraceae"	"Canarium"	"Canarium sp."	10.7	15	35.031847133758	"NA"	"NA"	"NA"	23	251	1001.5	1275.5	"Fandriana"	"Samuelson"
"CAN8"	"Burseraceae"	"Canarium"	"Canarium sp."	8.2	15.5	30.5732484076433	"NA"	"NA"	"NA"	22	118.5	354	494.5	"Fandriana"	"Samuelson"
"D1"	"Rutaceae"	"Cedrelopsis"	"Cedrelopsis grevei"	1.43	3.86	3.24676083907466	4.90197224723038	3.66056369111359	3.21492985045629	"NA"	2.5	1.82	4.32	"Fort-Dauphin-Dry"	"Sarobidy"
"D2"	"Rutaceae"	"Cedrelopsis"	"Cedrelopsis grevei"	1.13	3.34	2.89661996427249	4.39267642933631	4.01070456591576	3.11943688460115	"NA"	2.5	1.2	3.7	"Fort-Dauphin-Dry"	"Sarobidy"
"D3"	"Rutaceae"	"Cedrelopsis"	"Cedrelopsis grevei"	2.87	4.73	3.5014087480217	4.52000038380983	3.56507072525846	2.67380304394384	"NA"	2.5	3.42	5.92	"Fort-Dauphin-Dry"	"Sarobidy"
"D4"	"Rutaceae"	"Cedrelopsis"	"Cedrelopsis grevei"	2.36	5.09	5.72957795130823	6.36619772367581	"NA"	6.20704278058392	"NA"	9.5	6.55	16.05	"Fort-Dauphin-Dry"	"Sarobidy"
"D5"	"Rutaceae"	"Cedrelopsis"	"Cedrelopsis grevei"	2.5	5.29	5.18845114479579	6.11154981472878	5.57042300821634	4.7109863155201	"NA"	7	5	12	"Fort-Dauphin-Dry"	"Sarobidy"
"D6"	"Rutaceae"	"Cedrelopsis"	"Cedrelopsis grevei"	2.23	5.8	5.3157750992693	5.92056388301851	4.90197224723038	4.36084544071793	"NA"	6	4.88	10.88	"Fort-Dauphin-Dry"	"Sarobidy"
"D7"	"Rutaceae"	"Cedrelopsis"	"Cedrelopsis grevei"	3.43	7.41	10.1859163578813	13.432677196956	9.54929658551372	8.56253593834397	"NA"	39	29.36	68.36	"Fort-Dauphin-Dry"	"Sarobidy"
"D8"	"Rutaceae"	"Cedrelopsis"	"Cedrelopsis grevei"	2.8	6.14	7.95774715459477	9.16732472209317	7.76676122288449	7.57577529117422	"NA"	24	15.29	39.29	"Fort-Dauphin-Dry"	"Sarobidy"
"D9"	"Rutaceae"	"Cedrelopsis"	"Cedrelopsis grevei"	3.54	8.2	12.2549306180759	14.0056349920868	12.2549306180759	11.9366207318922	"NA"	81	47.63	128.63	"Fort-Dauphin-Dry"	"Sarobidy"
"Dio1"	"Sapotaceae"	"Chrysophyllum"	"Chrysophyllum boivinianum"	7.18	12.2	14.9	"NA"	11.1	7.2	23.5	18.25	77.5	119.25	"Bealanana"	"Hasina"
"Dio2"	"Sapotaceae"	"Chrysophyllum"	"Chrysophyllum boivinianum"	10.25	13.56	19.2	"NA"	12.5	9	12.25	18.5	147.75	178.5	"Bealanana"	"Hasina"
"Dio3"	"Sapotaceae"	"Chrysophyllum"	"Chrysophyllum boivinianum"	16.2	26.75	52	"NA"	34.4	27.4	338	1695	1662	3695	"Bealanana"	"Hasina"
"Dio4"	"Sapotaceae"	"Chrysophyllum"	"Chrysophyllum boivinianum"	6.2	12	20.5	"NA"	17.8	14.8	119.25	110.5	160.5	390.25	"Bealanana"	"Hasina"
"Dio5"	"Sapotaceae"	"Chrysophyllum"	"Chrysophyllum boivinianum"	15.86	22.3	33.6	"NA"	28.2	18.5	111.5	287.75	764.75	1164	"Bealanana"	"Hasina"
"Dio6"	"Sapotaceae"	"Chrysophyllum"	"Chrysophyllum boivinianum"	5.74	18.9	34.3	"NA"	24	23.8	119.75	366.5	223.75	710	"Bealanana"	"Hasina"
"Dio7"	"Sapotaceae"	"Chrysophyllum"	"Chrysophyllum boivinianum"	10.6	19.17	29	"NA"	24	24.6	120.25	68	539	727.25	"Bealanana"	"Hasina"
"Dio8"	"Sapotaceae"	"Chrysophyllum"	"Chrysophyllum boivinianum"	12.16	27.96	47	"NA"	40	37.9	214.5	1263	1269.75	2747.25	"Bealanana"	"Hasina"
"Dio9"	"Sapotaceae"	"Chrysophyllum"	"Chrysophyllum boivinianum"	17.4	28.1	50.6	"NA"	38.4	34.6	240	1127	1913.75	3280.75	"Bealanana"	"Hasina"
"Chry1"	"Sapotaceae"	"Chrysophyllum"	"Chrysophyllum boivinianum"	8	13.5	7.5	"NA"	"NA"	"NA"	6.5	6.5	12.5	25.5	"Ivohibe"	"Zafyson"
"Chry2"	"Sapotaceae"	"Chrysophyllum"	"Chrysophyllum boivinianum"	4.5	8	7	"NA"	"NA"	"NA"	6	4.5	12	22.5	"Ivohibe"	"Zafyson"
"Chry3"	"Sapotaceae"	"Chrysophyllum"	"Chrysophyllum boivinianum"	6.5	10.5	8.5	"NA"	"NA"	"NA"	8	10	26	44	"Ivohibe"	"Zafyson"
"Chry4"	"Sapotaceae"	"Chrysophyllum"	"Chrysophyllum boivinianum"	8	13.5	17.5	"NA"	"NA"	"NA"	23	27	73.5	123.5	"Ivohibe"	"Zafyson"
"Chry5"	"Sapotaceae"	"Chrysophyllum"	"Chrysophyllum boivinianum"	10	14.5	17	"NA"	"NA"	"NA"	43	51	157	251	"Ivohibe"	"Zafyson"
"Chry6"	"Sapotaceae"	"Chrysophyllum"	"Chrysophyllum boivinianum"	6.5	10.5	17	"NA"	"NA"	"NA"	10	25	125	160	"Ivohibe"	"Zafyson"
"Chry7"	"Sapotaceae"	"Chrysophyllum"	"Chrysophyllum boivinianum"	11.5	16	25	"NA"	"NA"	"NA"	75	115	272	462	"Ivohibe"	"Zafyson"
"Chry8"	"Sapotaceae"	"Chrysophyllum"	"Chrysophyllum boivinianum"	12	16	28	"NA"	"NA"	"NA"	60	140	289	489	"Ivohibe"	"Zafyson"
"Chry9"	"Sapotaceae"	"Chrysophyllum"	"Chrysophyllum boivinianum"	11	17	29	"NA"	"NA"	"NA"	84	153	301	538	"Ivohibe"	"Zafyson"
"B1"	"Sapotaceae"	"Chrysophyllum"	"Chrysophyllum boivinianum"	13	20	14	18	12	9	31	29	194.5	254.5	"Fort-Dauphin-Moist"	"Sarobidy"
"B2"	"Sapotaceae"	"Chrysophyllum"	"Chrysophyllum boivinianum"	12	18	14	15	11	9	30	18	130	178	"Fort-Dauphin-Moist"	"Sarobidy"
"B3"	"Sapotaceae"	"Chrysophyllum"	"Chrysophyllum boivinianum"	9	15	14	17	14	11	11	19	187	217	"Fort-Dauphin-Moist"	"Sarobidy"
"B4"	"Sapotaceae"	"Chrysophyllum"	"Chrysophyllum boivinianum"	14	19	19	23	15	12	71.5	31.5	309	412	"Fort-Dauphin-Moist"	"Sarobidy"
"B5"	"Sapotaceae"	"Chrysophyllum"	"Chrysophyllum boivinianum"	21	29	26	32	22	20	17	31	724	772	"Fort-Dauphin-Moist"	"Sarobidy"
"B6"	"Sapotaceae"	"Chrysophyllum"	"Chrysophyllum boivinianum"	14	24	23	24	16	14	110	41	396	547	"Fort-Dauphin-Moist"	"Sarobidy"
"B7"	"Sapotaceae"	"Chrysophyllum"	"Chrysophyllum boivinianum"	11	20	35	38	30	30	348.75	19.5	765.75	1134	"Fort-Dauphin-Moist"	"Sarobidy"
"B8"	"Sapotaceae"	"Chrysophyllum"	"Chrysophyllum boivinianum"	20	26	37	38	24	18	78.5	17	879.5	975	"Fort-Dauphin-Moist"	"Sarobidy"
"B9"	"Sapotaceae"	"Chrysophyllum"	"Chrysophyllum boivinianum"	9	24	30	31	26	25	574.5	98.5	468.5	1141.5	"Fort-Dauphin-Moist"	"Sarobidy"
"Eug4"	"Bignoniaceae"	"Colea"	"Colea sp."	11.4	26	37.7	"NA"	29.6	28.5	126.5	650.25	847.75	1624.5	"Bealanana"	"Hasina"
"Eug5"	"Bignoniaceae"	"Colea"	"Colea sp."	7.86	15.5	16.2	"NA"	13.7	13	45.25	64.35	144.5	254.1	"Bealanana"	"Hasina"
"A9"	"Burseracea"	"Commiphora"	"Commiphora simplicifolia"	1.25	5	10.0267614147894	15.278874536822	13.5281701628111	11.4591559026165	"NA"	22.25	13.97	36.22	"Fort-Dauphin-Dry"	"Sarobidy"
"A1"	"Burseraceae"	"Commiphora"	"Commiphora sp."	1.2	2.64	2.86478897565412	5.25211312203255	4.870141258612	3.3422538049298	"NA"	0.67	2.57	3.24	"Fort-Dauphin-Dry"	"Sarobidy"
"A2"	"Burseraceae"	"Commiphora"	"Commiphora lami"	2.5	4.2	4.61549334966497	4.7109863155201	4.61549334966497	3.11943688460115	"NA"	0.84	3.77	4.61	"Fort-Dauphin-Dry"	"Sarobidy"
"A3"	"Burseraceae"	"Commiphora"	"Commiphora simplicifolia"	2.1	4	5.79323992854499	8.02140913183153	6.20704278058392	4.90197224723038	"NA"	5	6.59	11.59	"Fort-Dauphin-Dry"	"Sarobidy"
"A4"	"Burseraceae"	"Commiphora"	"Commiphora simplicifolia"	2.4	3.9	6.71633859847798	4.29718346348117	7.16197243913529	4.23352148624442	"NA"	1.82	8.07	9.89	"Fort-Dauphin-Dry"	"Sarobidy"
"A5"	"Burseraceae"	"Commiphora"	"Commiphora lami"	4.37	5.75	8.27605704077856	7.48028232531908	8.75352187005424	5.25211312203255	"NA"	1.92	18.71	20.63	"Fort-Dauphin-Dry"	"Sarobidy"
"A6"	"Burseraceae"	"Commiphora"	"Commiphora simplicifolia"	1.95	4.1	11.7774657888003	13.4645081855743	12.095775674984	11.1408460164327	"NA"	29	20.64	49.64	"Fort-Dauphin-Dry"	"Sarobidy"
"A7"	"Burseraceae"	"Commiphora"	"Commiphora simplicifolia"	2.85	4.65	12.9552123676803	15.8200013433344	12.7323954473516	9.54929658551372	"NA"	7.49	28.97	36.46	"Fort-Dauphin-Dry"	"Sarobidy"
"A8"	"Burseraceae"	"Commiphora"	"Commiphora lami"	5.32	7.9	19.5123960230664	17.1887338539247	19.1622551482642	12.4140855611678	"NA"	24.5	114.75	139.25	"Fort-Dauphin-Dry"	"Sarobidy"
"Cro1"	"Euphorbiaceae"	"Croton"	"Croton mongue"	5.38	10.18	16	"NA"	12	9	28.25	25.5	67.75	121.5	"Bealanana"	"Hasina"
"Cro2"	"Euphorbiaceae"	"Croton"	"Croton argyrodaphne"	7.18	15.42	31	"NA"	28	27	31	231.5	447.25	709.75	"Bealanana"	"Hasina"
"Cro3"	"Euphorbiaceae"	"Croton"	"Croton argyrodaphne"	8.1	14.1	17.3	"NA"	12.9	10.1	19.5	29.75	88.75	138	"Bealanana"	"Hasina"
"Cro4"	"Euphorbiaceae"	"Croton"	"Croton cuspidata"	9.25	16.27	17.3	"NA"	15.4	14.1	26.25	60	138.5	224.75	"Bealanana"	"Hasina"
"Cro5"	"Euphorbiaceae"	"Croton"	"Croton argyrodaphne"	9.66	19.91	31.6	"NA"	26.6	21	42.5	341.5	560.25	944.25	"Bealanana"	"Hasina"
"Cro6"	"Euphorbiaceae"	"Croton"	"Croton argyrodaphne"	10.96	20.5	31.3	"NA"	23	19.1	68.75	191.5	545.25	805.5	"Bealanana"	"Hasina"
"Cro7"	"Euphorbiaceae"	"Croton"	"Croton cuspidata"	8.5	29.86	46.5	"NA"	37.1	36.5	72.5	798.25	835.25	1706	"Bealanana"	"Hasina"
"Cro8"	"Euphorbiaceae"	"Croton"	"Croton argyrodaphne"	16.3	30.44	46	"NA"	35	26.9	79	612	1522.25	2213.25	"Bealanana"	"Hasina"
"Cro9"	"Euphorbiaceae"	"Croton"	"Croton cuspidata"	7	14.24	44.1	"NA"	34.8	39.7	25.75	972.5	617	1615.25	"Bealanana"	"Hasina"
"N1"	"Euphorbiaceae"	"Croton"	"Croton sp."	1.38	3.7	3.3422538049298	3.66056369111359	3.21492985045629	3.18309886183791	"NA"	3.15	1.25	4.4	"Fort-Dauphin-Dry"	"Sarobidy"
"N2"	"Euphorbiaceae"	"Croton"	"Croton sp."	1.67	4.1	3.97887357729738	5.09295817894065	3.81971863420549	3.18309886183791	"NA"	4.49	2.13	6.62	"Fort-Dauphin-Dry"	"Sarobidy"
"N3"	"Euphorbiaceae"	"Croton"	"Croton sp."	1.3	3.9	3.18309886183791	4.07436654315252	3.18309886183791	3.18309886183791	"NA"	3.21	1.45	4.66	"Fort-Dauphin-Dry"	"Sarobidy"
"N4"	"Euphorbiaceae"	"Croton"	"Croton sp."	2.15	4.1	4.55183137242821	5.41126806512444	4.83831026999362	3.81971863420549	"NA"	7.25	4.57	11.82	"Fort-Dauphin-Dry"	"Sarobidy"
"N5"	"Euphorbiaceae"	"Croton"	"Croton sp."	2.7	5	5.15662015617741	6.52535266676771	5.66591597407147	4.52000038380983	"NA"	5	5.38	10.38	"Fort-Dauphin-Dry"	"Sarobidy"
"N6"	"Euphorbiaceae"	"Croton"	"Croton sp."	2.85	4.88	6.52535266676771	7.79859221150287	6.36619772367581	4.870141258612	"NA"	9.5	6.46	15.96	"Fort-Dauphin-Dry"	"Sarobidy"
"N7"	"Euphorbiaceae"	"Croton"	"Croton sp."	1.4	4.3	5.25211312203255	6.11154981472878	5.34760608788768	5.25211312203255	"NA"	6.5	3.22	9.72	"Fort-Dauphin-Dry"	"Sarobidy"
"N8"	"Euphorbiaceae"	"Croton"	"Croton sp."	2	5.2	5.25211312203255	6.93915551880664	5.37943707650606	5.06112719032227	"NA"	11	5.36	16.36	"Fort-Dauphin-Dry"	"Sarobidy"
"N9"	"Euphorbiaceae"	"Croton"	"Croton sp."	1.8	4.6	5.88873289440013	7.16197243913529	6.42985970091257	4.83831026999362	"NA"	16.75	6.16	22.91	"Fort-Dauphin-Dry"	"Sarobidy"
"Eug8"	"Lauraceae"	"Cryptocarya"	"Cryptocarya sp."	15.25	25.1	46.4	"NA"	32.3	30.3	202.5	809.5	1376.75	2388.75	"Bealanana"	"Hasina"
"Rav1"	"Lauraceae"	"Cryptocarya"	"Cryptocarya acuminata"	8.6	17	34	"NA"	27	25	148.75	356	508.5	1013.25	"Bealanana"	"Hasina"
"Rav2"	"Lauraceae"	"Cryptocarya"	"Cryptocarya acuminata"	8.39	16.65	32.9	"NA"	26	24.2	178.75	258.25	513.15	950.15	"Bealanana"	"Hasina"
"Rav3"	"Lauraceae"	"Cryptocarya"	"Cryptocarya acuminata"	12	14.84	16.7	"NA"	13.9	9.4	26.5	25.75	183.5	235.75	"Bealanana"	"Hasina"
"Rav4"	"Lauraceae"	"Cryptocarya"	"Cryptocarya acuminata"	5.9	11.56	11	"NA"	10.3	9.2	15.25	30	46.5	91.75	"Bealanana"	"Hasina"
"Rav5"	"Lauraceae"	"Cryptocarya"	"Cryptocarya acuminata"	7.4	14.2	11.9	"NA"	10.8	11.7	8	24.5	79.5	112	"Bealanana"	"Hasina"
"Rav6"	"Lauraceae"	"Cryptocarya"	"Cryptocarya acuminata"	10.58	16.8	31.4	"NA"	25.5	21.6	109	129	513.25	751.25	"Bealanana"	"Hasina"
"Rav7"	"Lauraceae"	"Cryptocarya"	"Cryptocarya acuminata"	9.7	26.36	48.7	"NA"	38	36.3	106.25	996.25	1025	2127.5	"Bealanana"	"Hasina"
"Rav8"	"Lauraceae"	"Cryptocarya"	"Cryptocarya acuminata"	11.2	21.6	44.5	"NA"	35.6	31.3	143.75	741	963	1847.75	"Bealanana"	"Hasina"
"Rav9"	"Lauraceae"	"Cryptocarya"	"Cryptocarya acuminata"	15.92	27.44	44.2	"NA"	34	29.9	168.25	660.5	1598.25	2427	"Bealanana"	"Hasina"
"Cryp1"	"Lauraceae"	"Cryptocarya"	"Cryptocarya aff. ovalifolia"	10.5	12	8	"NA"	"NA"	"NA"	6	4	48.5	58.5	"Ivohibe"	"Zafyson"
"Cryp2"	"Lauraceae"	"Cryptocarya"	"Cryptocarya aff. ovalifolia"	4.5	6.5	6.5	"NA"	"NA"	"NA"	6	2.5	15	23.5	"Ivohibe"	"Zafyson"
"Cryp3"	"Lauraceae"	"Cryptocarya"	"Cryptocarya aff. ovalifolia"	4.5	7	6	"NA"	"NA"	"NA"	7	2	12	21	"Ivohibe"	"Zafyson"
"Cryp4"	"Lauraceae"	"Cryptocarya"	"Cryptocarya sp"	7.6	11.5	17.5	"NA"	"NA"	"NA"	46.5	104.5	187	338	"Ivohibe"	"Zafyson"
"Cryp5"	"Lauraceae"	"Cryptocarya"	"Cryptocarya aff. ovalifolia"	8	11.5	16.5	"NA"	"NA"	"NA"	36	26.5	150	212.5	"Ivohibe"	"Zafyson"
"Cryp6"	"Lauraceae"	"Cryptocarya"	"Cryptocarya aff. ovalifolia"	9	12.5	17	"NA"	"NA"	"NA"	25	34	150	209	"Ivohibe"	"Zafyson"
"Cryp7"	"Lauraceae"	"Cryptocarya"	"Cryptocarya sp"	6.5	13.5	29	"NA"	"NA"	"NA"	74.5	218.5	155.5	448.5	"Ivohibe"	"Zafyson"
"Cryp8"	"Lauraceae"	"Cryptocarya"	"Cryptocarya aff. ovalifolia"	15	17	28	"NA"	"NA"	"NA"	11	17	505	533	"Ivohibe"	"Zafyson"
"Cryp9"	"Lauraceae"	"Cryptocarya"	"Cryptocarya aff. ovalifolia"	13	18	30	"NA"	"NA"	"NA"	40	142	443	625	"Ivohibe"	"Zafyson"
"CRY1"	"Lauraceae"	"Cryptocarya"	"Cryptocarya sp."	5.5	7.2	8.59872611464968	"NA"	"NA"	"NA"	19	4.5	26.5	50	"Fandriana"	"Samuelson"
"CRY2"	"Lauraceae"	"Cryptocarya"	"Cryptocarya sp."	6	10.3	9.55414012738853	"NA"	"NA"	"NA"	10	6	29	45	"Fandriana"	"Samuelson"
"CRY3"	"Lauraceae"	"Cryptocarya"	"Cryptocarya sp."	7.2	10	9.55414012738853	"NA"	"NA"	"NA"	6.5	3.5	28	38	"Fandriana"	"Samuelson"
"CRY4"	"Lauraceae"	"Cryptocarya"	"Cryptocarya sp."	9.4	13.2	15.9235668789809	"NA"	"NA"	"NA"	26	42	132	200	"Fandriana"	"Samuelson"
"CRY5"	"Lauraceae"	"Cryptocarya"	"Cryptocarya sp."	7	11.3	16.2420382165605	"NA"	"NA"	"NA"	5	10	91.5	106.5	"Fandriana"	"Samuelson"
"CRY6"	"Lauraceae"	"Cryptocarya"	"Cryptocarya sp."	3.2	8	18.1528662420382	"NA"	"NA"	"NA"	14	41	76.5	131.5	"Fandriana"	"Samuelson"
"CRY7"	"Lauraceae"	"Cryptocarya"	"Cryptocarya sp."	9.3	14	24.8407643312102	"NA"	"NA"	"NA"	31.5	88	251.5	371	"Fandriana"	"Samuelson"
"CRY8"	"Lauraceae"	"Cryptocarya"	"Cryptocarya sp."	9.2	16.4	28.9808917197452	"NA"	"NA"	"NA"	109	197.5	413.5	720	"Fandriana"	"Samuelson"
"CRY9"	"Lauraceae"	"Cryptocarya"	"Cryptocarya sp."	8.6	15.7	31.8471337579618	"NA"	"NA"	"NA"	115.5	343	767	1225.5	"Fandriana"	"Samuelson"
"C1"	"Sapindae"	"Denbollia"	"Denbollia sp."	9	15	14	15	12	9	17	23	81	121	"Fort-Dauphin-Moist"	"Sarobidy"
"C2"	"Sapindae"	"Denbollia"	"Denbollia sp."	9	14	15	17	14	12	33	28	140	201	"Fort-Dauphin-Moist"	"Sarobidy"
"C3"	"Sapindae"	"Denbollia"	"Denbollia sp."	9	14	16	17	15	12	52	40	170	262	"Fort-Dauphin-Moist"	"Sarobidy"
"C4"	"Sapindae"	"Denbollia"	"Denbollia sp."	9	17	19	21	16	15	108	47	202	357	"Fort-Dauphin-Moist"	"Sarobidy"
"C5"	"Sapindae"	"Denbollia"	"Denbollia sp."	12	18	18	20	15	11	50	40	180	270	"Fort-Dauphin-Moist"	"Sarobidy"
"C6"	"Sapindae"	"Denbollia"	"Denbollia sp."	8	11	20	20	17	14	25	20	232	277	"Fort-Dauphin-Moist"	"Sarobidy"
"C7"	"Sapindae"	"Denbollia"	"Denbollia sp."	9	19	30	31	22	18	250	60	409	719	"Fort-Dauphin-Moist"	"Sarobidy"
"C9"	"Sapindae"	"Denbollia"	"Denbollia sp."	9	23	28	29	28	26	495	46	511	1052	"Fort-Dauphin-Moist"	"Sarobidy"
"M1"	"Fabaceae"	"Dichrostrachys"	"Dichrostrachys dumetaria"	1.65	3.9	3.43774677078494	4.74281730413848	3.78788764558711	3.66056369111359	"NA"	3.33	2.28	5.61	"Fort-Dauphin-Dry"	"Sarobidy"
"M2"	"Fabaceae"	"Dichrostrachys"	"Dichrostrachys dumetaria"	1.7	3.95	3.3422538049298	4.36084544071793	3.02394391874601	2.70563403256222	"NA"	2.96	2.48	5.44	"Fort-Dauphin-Dry"	"Sarobidy"
"M3"	"Fabaceae"	"Dichrostrachys"	"Dichrostrachys dumetaria"	2.5	4.7	3.5014087480217	4.32901445209955	3.56507072525846	3.3422538049298	"NA"	2.71	2.8	5.51	"Fort-Dauphin-Dry"	"Sarobidy"
"M4"	"Fabaceae"	"Dichrostrachys"	"Dichrostrachys dumetaria"	1.9	5.25	4.64732433828334	5.41126806512444	5.22028213341417	4.80647928137524	"NA"	6.44	14.03	20.47	"Fort-Dauphin-Dry"	"Sarobidy"
"M5"	"Fabaceae"	"Dichrostrachys"	"Dichrostrachys dumetaria"	2.8	5.3	4.45633840657307	5.60225399683472	4.45633840657307	3.81971863420549	"NA"	4.6	4.89	9.49	"Fort-Dauphin-Dry"	"Sarobidy"
"M6"	"Fabaceae"	"Dichrostrachys"	"Dichrostrachys dumetaria"	1.96	4.35	4.39267642933631	6.30253574643906	6.46169068953095	4.16985950900766	"NA"	7.18	4.49	11.67	"Fort-Dauphin-Dry"	"Sarobidy"
"M7"	"Fabaceae"	"Dichrostrachys"	"Dichrostrachys dumetaria"	1.4	4.8	5.18845114479579	7.63943726841098	5.57042300821634	5.18845114479579	"NA"	12.54	4.11	16.65	"Fort-Dauphin-Dry"	"Sarobidy"
"M8"	"Fabaceae"	"Dichrostrachys"	"Dichrostrachys dumetaria"	2.3	3.5	5.72957795130823	7.0028174960434	5.82507091716337	5.72957795130823	"NA"	8.35	7.86	16.21	"Fort-Dauphin-Dry"	"Sarobidy"
"M9"	"Fabaceae"	"Dichrostrachys"	"Dichrostrachys dumetaria"	1.35	4.4	13.0507053335354	13.0507053335354	"NA"	11.1090150278143	"NA"	33	14.4	47.4	"Fort-Dauphin-Dry"	"Sarobidy"
"O1"	"Ebenaceae"	"Diospyros"	"Diospyros humbertiana"	1.56	3.2	3.66056369111359	4.93380323584876	4.13802852038928	3.72422566835035	"NA"	3.53	2.51	6.04	"Fort-Dauphin-Dry"	"Sarobidy"
"O2"	"Ebenaceae"	"Diospyros"	"Diospyros humbertiana"	1.8	3.48	3.02394391874601	4.29718346348117	3.18309886183791	2.80112699841736	"NA"	2.56	1.71	4.27	"Fort-Dauphin-Dry"	"Sarobidy"
"O3"	"Ebenaceae"	"Diospyros"	"Diospyros manapetsae"	1.55	3.9	2.70563403256222	4.01070456591576	4.20169049762604	2.70563403256222	"NA"	2.97	1.66	4.63	"Fort-Dauphin-Dry"	"Sarobidy"
"O4"	"Ebenaceae"	"Diospyros"	"Diospyros humbertiana"	1.96	4.5	5.88873289440013	7.63943726841098	6.8436625529515	5.66591597407147	"NA"	10.75	6.97	17.72	"Fort-Dauphin-Dry"	"Sarobidy"
"O5"	"Ebenaceae"	"Diospyros"	"Diospyros humbertiana"	3.3	4.4	3.91521160006063	5.09295817894065	3.81971863420549	3.56507072525846	"NA"	2.31	4.46	6.77	"Fort-Dauphin-Dry"	"Sarobidy"
"O6"	"Ebenaceae"	"Diospyros"	"Diospyros manapetsae"	2.45	4.2	3.56507072525846	4.20169049762604	3.66056369111359	3.75605665696873	"NA"	2.88	3.05	5.93	"Fort-Dauphin-Dry"	"Sarobidy"
"O7"	"Ebenaceae"	"Diospyros"	"Diospyros humbertiana"	1.28	3.7	6.93915551880664	8.24422605216018	6.49352167814933	7.09831046189853	"NA"	16.5	5.61	22.11	"Fort-Dauphin-Dry"	"Sarobidy"
"O8"	"Ebenaceae"	"Diospyros"	"Diospyros humbertiana"	4.13	5.6	7.48028232531908	4.77464829275686	6.6845076098596	8.65802890419911	"NA"	8.15	17.76	25.91	"Fort-Dauphin-Dry"	"Sarobidy"
"O9"	"Ebenaceae"	"Diospyros"	"Diospyros manapetsae"	2.1	4.15	7.16197243913529	6.93915551880664	7.48028232531908	4.23352148624442	"NA"	7.03	7.62	14.65	"Fort-Dauphin-Dry"	"Sarobidy"
"Grew4"	"Malvaceae"	"Dombeya"	"Dombeya sp1"	10.5	17.5	17	"NA"	"NA"	"NA"	31	20	150	201	"Ivohibe"	"Zafyson"
"Grew5"	"Malvaceae"	"Dombeya"	"Dombeya sp2"	6.5	14.5	17	"NA"	"NA"	"NA"	33	79	115	227	"Ivohibe"	"Zafyson"
"Grew6"	"Malvaceae"	"Dombeya"	"Dombeya sp2"	9.5	13	17.5	"NA"	"NA"	"NA"	20	46	135	201	"Ivohibe"	"Zafyson"
"Grew7"	"Malvaceae"	"Dombeya"	"Dombeya sp2"	7	10.5	30	"NA"	"NA"	"NA"	27.5	98	153	278.5	"Ivohibe"	"Zafyson"
"Grew8"	"Malvaceae"	"Dombeya"	"Dombeya sp1"	7	18	25	"NA"	"NA"	"NA"	57	144	167	368	"Ivohibe"	"Zafyson"
"Grew9"	"Malvaceae"	"Dombeya"	"Dombeya sp1"	7	15	30	"NA"	"NA"	"NA"	111	175	235	521	"Ivohibe"	"Zafyson"
"Eug9"	"Sapindaceae"	"Doratoxylon"	"Doratoxylon sp."	9.2	18.55	45.5	"NA"	39.7	37.5	229.75	1021.25	1195.25	2446.25	"Bealanana"	"Hasina"
"DRY1"	"Euphorbiaceae"	"Drypetes"	"Drypetes sp."	4.5	7	9.55414012738853	"NA"	"NA"	"NA"	10.5	17.5	32	60	"Fandriana"	"Samuelson"
"DRY2"	"Euphorbiaceae"	"Drypetes"	"Drypetes sp."	3.7	6	9.23566878980892	"NA"	"NA"	"NA"	8.5	12	27	47.5	"Fandriana"	"Samuelson"
"DRY3"	"Euphorbiaceae"	"Drypetes"	"Drypetes sp."	2.8	6.6	7.96178343949045	"NA"	"NA"	"NA"	5	15	15	35	"Fandriana"	"Samuelson"
"DRY4"	"Euphorbiaceae"	"Drypetes"	"Drypetes sp."	5.1	8.8	19.1082802547771	"NA"	"NA"	"NA"	21	52.5	74	147.5	"Fandriana"	"Samuelson"
"DRY5"	"Euphorbiaceae"	"Drypetes"	"Drypetes sp."	5.8	10	17.1974522292994	"NA"	"NA"	"NA"	15	47	124	186	"Fandriana"	"Samuelson"
"DRY6"	"Euphorbiaceae"	"Drypetes"	"Drypetes sp."	4.9	9.2	14.968152866242	"NA"	"NA"	"NA"	25	43	69	137	"Fandriana"	"Samuelson"
"H1"	"Erythroxylaceae"	"Erythroxyllum"	"Erythroxyllum sphaeranthum"	12	15	14	17	11	6	12	15	130	157	"Fort-Dauphin-Moist"	"Sarobidy"
"H2"	"Erythroxylaceae"	"Erythroxyllum"	"Erythroxyllum sphaeranthum"	5	11	13	16	11	6	23	20	64	107	"Fort-Dauphin-Moist"	"Sarobidy"
"H3"	"Erythroxylaceae"	"Erythroxyllum"	"Erythroxyllum sphaeranthum"	10	14	14	15	13	10	26	22	127	175	"Fort-Dauphin-Moist"	"Sarobidy"
"H4"	"Erythroxylaceae"	"Erythroxyllum"	"Erythroxyllum sphaeranthum"	12	19	21	22	18	15	53	20	310	383	"Fort-Dauphin-Moist"	"Sarobidy"
"H5"	"Erythroxylaceae"	"Erythroxyllum"	"Erythroxyllum sphaeranthum"	7	13	22	24	20	18	114	75	223	412	"Fort-Dauphin-Moist"	"Sarobidy"
"H6"	"Erythroxylaceae"	"Erythroxyllum"	"Erythroxyllum sphaeranthum"	7	11	24	27	21	17	127	49	299	475	"Fort-Dauphin-Moist"	"Sarobidy"
"H7"	"Erythroxylaceae"	"Erythroxyllum"	"Erythroxyllum sphaeranthum"	7	15	28	32	25	21	192	60	330	582	"Fort-Dauphin-Moist"	"Sarobidy"
"H8"	"Erythroxylaceae"	"Erythroxyllum"	"Erythroxyllum sphaeranthum"	5	16	26	27	26	25	325	83	262	670	"Fort-Dauphin-Moist"	"Sarobidy"
"H9"	"Erythroxylaceae"	"Erythroxyllum"	"Erythroxyllum sphaeranthum"	9	23	33	35	28	30	621	170	625	1416	"Fort-Dauphin-Moist"	"Sarobidy"
"Eug10"	"Myrtaceae"	"Eugenia"	"Eugenia sp."	13.4	27.4	45.3	"NA"	37.5	35.2	155.5	1088.75	1569	2813.25	"Bealanana"	"Hasina"
"Eug2"	"Myrtaceae"	"Eugenia"	"Eugenia bernieri"	16.4	28.2	31.3	"NA"	24.3	19.1	139.75	181.25	711.5	1032.5	"Bealanana"	"Hasina"
"Eug3"	"Myrtaceae"	"Eugenia"	"Eugenia emirnense"	19.9	25.8	30.4	"NA"	23.6	19	16.25	81.75	875.9	973.9	"Bealanana"	"Hasina"
"Eug6"	"Myrtaceae"	"Eugenia"	"Eugenia emirnense"	9.2	13.6	15.7	"NA"	13.1	11.3	35.5	26.25	125.5	187.25	"Bealanana"	"Hasina"
"Eug7"	"Myrtaceae"	"Eugenia"	"Eugenia bernieri"	6.32	11.34	15	"NA"	10.9	7.8	20.9	16.75	69.25	106.9	"Bealanana"	"Hasina"
"EUG1"	"Myrtaceae"	"Eugenia"	"Eugenia sp."	5.8	7.5	7.64331210191083	"NA"	"NA"	"NA"	5.75	5.5	20.5	31.75	"Fandriana"	"Samuelson"
"EUG2"	"Myrtaceae"	"Eugenia"	"Eugenia sp."	9	12.6	9.55414012738853	"NA"	"NA"	"NA"	7	5	44	56	"Fandriana"	"Samuelson"
"EUG3"	"Myrtaceae"	"Eugenia"	"Eugenia sp."	3.5	8	7.64331210191083	"NA"	"NA"	"NA"	3.75	14	21.5	39.25	"Fandriana"	"Samuelson"
"EUG4"	"Myrtaceae"	"Eugenia"	"Eugenia sp."	11	16	19.1082802547771	"NA"	"NA"	"NA"	46.5	104.5	203.5	354.5	"Fandriana"	"Samuelson"
"EUG5"	"Myrtaceae"	"Eugenia"	"Eugenia sp."	9	12	19.1082802547771	"NA"	"NA"	"NA"	19.25	51.5	209.5	280.25	"Fandriana"	"Samuelson"
"EUG6"	"Myrtaceae"	"Eugenia"	"Eugenia sp."	6.8	11	17.515923566879	"NA"	"NA"	"NA"	53.5	74.5	161.25	289.25	"Fandriana"	"Samuelson"
"EUG7"	"Myrtaceae"	"Eugenia"	"Eugenia sp."	17.5	22	30.2547770700637	"NA"	"NA"	"NA"	32	190.5	865.5	1088	"Fandriana"	"Samuelson"
"EUG8"	"Myrtaceae"	"Eugenia"	"Eugenia sp."	7	11	28.9808917197452	"NA"	"NA"	"NA"	105.5	216.5	462.5	784.5	"Fandriana"	"Samuelson"
"EUG9"	"Myrtaceae"	"Eugenia"	"Eugenia sp."	10.6	14.2	28.6624203821656	"NA"	"NA"	"NA"	61.5	218.5	636.5	916.5	"Fandriana"	"Samuelson"
"B1"	"Euphorbiaceae"	"Euphorbia"	"Euphorbia tiricali"	1.07	2.5	4.99746521308551	6.11154981472878	5.41126806512444	5.57042300821634	"NA"	16.5	2.34	18.84	"Fort-Dauphin-Dry"	"Sarobidy"
"B2"	"Euphorbiaceae"	"Euphorbia"	"Euphorbia stenoclada"	1.45	2.83	4.45633840657307	5.72957795130823	5.09295817894065	5.41126806512444	"NA"	6	2.56	8.56	"Fort-Dauphin-Dry"	"Sarobidy"
"B3"	"Euphorbiaceae"	"Euphorbia"	"Euphorbia laro"	1.23	3.35	4.13802852038928	5.34760608788768	5.57042300821634	7.0028174960434	"NA"	15.5	3.11	18.61	"Fort-Dauphin-Dry"	"Sarobidy"
"B4"	"Euphorbiaceae"	"Euphorbia"	"Euphorbia tiricali"	3.06	4.2	7.09831046189853	8.59436692696235	6.93915551880664	5.15662015617741	"NA"	16.5	9.7	26.2	"Fort-Dauphin-Dry"	"Sarobidy"
"B5"	"Euphorbiaceae"	"Euphorbia"	"Euphorbia stenoclada"	2.26	3.2	7.06647947328015	7.57577529117422	7.03464848466177	6.49352167814933	"NA"	25.75	8.26	34.01	"Fort-Dauphin-Dry"	"Sarobidy"
"B6"	"Euphorbiaceae"	"Euphorbia"	"Euphorbia laro"	1.42	3.35	6.36619772367581	9.13549373347479	6.93915551880664	7.67126825702936	"NA"	20.5	5.95	26.45	"Fort-Dauphin-Dry"	"Sarobidy"
"B7"	"Euphorbiaceae"	"Euphorbia"	"Euphorbia tiricali"	4	5.3	11.1408460164327	10.8543671188673	10.5042262440651	5.72957795130823	"NA"	48.75	29.25	78	"Fort-Dauphin-Dry"	"Sarobidy"
"B8"	"Euphorbiaceae"	"Euphorbia"	"Euphorbia stenoclada"	4.34	6.47	14.8014097075463	16.1701422181366	14.0056349920868	12.4140855611678	"NA"	71	58.75	129.75	"Fort-Dauphin-Dry"	"Sarobidy"
"B9"	"Euphorbiaceae"	"Euphorbia"	"Euphorbia laro"	2.1	5.2	12.4140855611678	14.4830998213625	12.7323954473516	10.5042262440651	"NA"	96.25	30	126.25	"Fort-Dauphin-Dry"	"Sarobidy"
"Fic1"	"Moraceae"	"Ficus"	"Ficus sp1"	8	10	7	"NA"	"NA"	"NA"	11.5	17	38	66.5	"Ivohibe"	"Zafyson"
"Fic2"	"Moraceae"	"Ficus"	"Ficus sp1"	8.5	11	7.5	"NA"	"NA"	"NA"	14	16.5	45	75.5	"Ivohibe"	"Zafyson"
"Fic4"	"Moraceae"	"Ficus"	"Ficus soroceo誰des"	7.5	12.5	16.5	"NA"	"NA"	"NA"	5	37	119	161	"Ivohibe"	"Zafyson"
"Fic5"	"Moraceae"	"Ficus"	"Ficus soroceo誰des"	6.8	11	16	"NA"	"NA"	"NA"	14	40	152	206	"Ivohibe"	"Zafyson"
"Fic6"	"Moraceae"	"Ficus"	"Ficus soroceo誰des"	10	13.5	17.5	"NA"	"NA"	"NA"	12	45	208	265	"Ivohibe"	"Zafyson"
"Fic7"	"Moraceae"	"Ficus"	"Ficus tiliifolia"	10.5	16.5	35	"NA"	"NA"	"NA"	54	174	382	610	"Ivohibe"	"Zafyson"
"Fic8"	"Moraceae"	"Ficus"	"Ficus soroceo誰des"	9.5	21.5	32	"NA"	"NA"	"NA"	106	404.5	495	1005.5	"Ivohibe"	"Zafyson"
"Fic9"	"Moraceae"	"Ficus"	"Ficus sp2"	10	18.5	35	"NA"	"NA"	"NA"	143	342	582	1067	"Ivohibe"	"Zafyson"
"G1"	"Malvaceae"	"Grewia"	"Grewia sp."	2.25	4.8	4.20169049762604	5.25211312203255	4.45633840657307	3.66056369111359	"NA"	3.74	3.2	6.94	"Fort-Dauphin-Dry"	"Sarobidy"
"G2"	"Malvaceae"	"Grewia"	"Grewia sp."	2.3	4.1	3.5014087480217	4.39267642933631	3.56507072525846	3.21492985045629	"NA"	2.94	2.51	5.45	"Fort-Dauphin-Dry"	"Sarobidy"
"G3"	"Malvaceae"	"Grewia"	"Grewia sp."	2.24	4.66	3.81971863420549	4.45633840657307	3.81971863420549	3.5014087480217	"NA"	3.29	2.46	5.75	"Fort-Dauphin-Dry"	"Sarobidy"
"G4"	"Malvaceae"	"Grewia"	"Grewia sp."	2.05	5.25	4.96563422446713	6.36619772367581	5.09295817894065	4.96563422446713	"NA"	7.33	4.43	11.76	"Fort-Dauphin-Dry"	"Sarobidy"
"G5"	"Malvaceae"	"Grewia"	"Grewia sp."	2.14	4.8	4.39267642933631	6.04788783749202	4.90197224723038	3.91521160006063	"NA"	3.72	3.81	7.53	"Fort-Dauphin-Dry"	"Sarobidy"
"G6"	"Malvaceae"	"Grewia"	"Grewia sp."	2.5	5.5	4.55183137242821	5.15662015617741	4.61549334966497	4.23352148624442	"NA"	6.08	3.59	9.67	"Fort-Dauphin-Dry"	"Sarobidy"
"G7"	"Malvaceae"	"Grewia"	"Grewia sp."	2.21	6.1	7.63943726841098	9.00816977900128	8.75352187005424	7.25746540499043	"NA"	15.64	12.61	28.25	"Fort-Dauphin-Dry"	"Sarobidy"
"G8"	"Malvaceae"	"Grewia"	"Grewia sp."	2.15	5.4	5.57042300821634	7.86225418873963	5.88873289440013	6.20704278058392	"NA"	12.85	6.61	19.46	"Fort-Dauphin-Dry"	"Sarobidy"
"G9"	"Malvaceae"	"Grewia"	"Grewia sp."	3.55	6.1	6.8436625529515	9.54929658551372	7.06647947328015	5.88873289440013	"NA"	10.78	12.62	23.4	"Fort-Dauphin-Dry"	"Sarobidy"
"Grew1"	"Tililaceae"	"Grewia"	"Grewia aprima"	3.5	6.5	8.5	"NA"	"NA"	"NA"	27.5	15.5	19.5	62.5	"Ivohibe"	"Zafyson"
"Grew2"	"Tililaceae"	"Grewia"	"Grewia aprima"	5	8	7	"NA"	"NA"	"NA"	5	3.5	11	19.5	"Ivohibe"	"Zafyson"
"Grew3"	"Tililaceae"	"Grewia"	"Grewia aprima"	5.25	8.5	7	"NA"	"NA"	"NA"	3.5	2.5	12	18	"Ivohibe"	"Zafyson"
"E1"	"Hernandiaceae"	"Gyrocarpus"	"Gyrocarpus americanus"	2.9	4.2	5.66591597407147	8.27605704077856	5.15662015617741	2.80112699841736	"NA"	1.32	5.19	6.51	"Fort-Dauphin-Dry"	"Sarobidy"
"E2"	"Hernandiaceae"	"Gyrocarpus"	"Gyrocarpus americanus"	2.5	4.7	4.1061975317709	4.99746521308551	4.07436654315252	3.81971863420549	"NA"	2.62	3.53	6.15	"Fort-Dauphin-Dry"	"Sarobidy"
"E3"	"Hernandiaceae"	"Gyrocarpus"	"Gyrocarpus americanus"	1.25	3.4	3.18309886183791	3.97887357729738	3.24676083907466	3.02394391874601	"NA"	1.45	1.06	2.51	"Fort-Dauphin-Dry"	"Sarobidy"
"E4"	"Hernandiaceae"	"Gyrocarpus"	"Gyrocarpus americanus"	2.35	5.6	9.86760647169751	11.8729587546554	10.1859163578813	8.91267681314614	"NA"	16.75	13.25	30	"Fort-Dauphin-Dry"	"Sarobidy"
"E5"	"Hernandiaceae"	"Gyrocarpus"	"Gyrocarpus americanus"	3.8	6.1	6.93915551880664	8.72169088143586	6.20704278058392	4.52000038380983	"NA"	7.38	12.37	19.75	"Fort-Dauphin-Dry"	"Sarobidy"
"E6"	"Hernandiaceae"	"Gyrocarpus"	"Gyrocarpus americanus"	2.73	4.9	6.62084563262285	11.0771840391959	6.65267662124123	6.52535266676771	"NA"	3.64	10.08	13.72	"Fort-Dauphin-Dry"	"Sarobidy"
"E7"	"Hernandiaceae"	"Gyrocarpus"	"Gyrocarpus americanus"	4.7	7.7	15.0560576164933	17.1887338539247	9.04000076761965	6.8436625529515	"NA"	38.5	48.53	87.03	"Fort-Dauphin-Dry"	"Sarobidy"
"E8"	"Hernandiaceae"	"Gyrocarpus"	"Gyrocarpus americanus"	3.5	7	13.8464800489949	17.7616916490555	12.5732405042597	10.3769022895916	"NA"	30.5	41.5	72	"Fort-Dauphin-Dry"	"Sarobidy"
"E9"	"Hernandiaceae"	"Gyrocarpus"	"Gyrocarpus americanus"	2.9	5.6	10.1859163578813	14.0056349920868	10.663381187157	6.52535266676771	"NA"	10.02	21	31.02	"Fort-Dauphin-Dry"	"Sarobidy"
"Haru1"	"Clusiaceae"	"Harungana"	"Harungana madagascariensis"	5	7	8	"NA"	"NA"	"NA"	5	2.5	17.5	25	"Ivohibe"	"Zafyson"
"Haru2"	"Clusiaceae"	"Harungana"	"Harungana madagascariensis"	5.5	9.5	7.5	"NA"	"NA"	"NA"	7	5	20	32	"Ivohibe"	"Zafyson"
"Haru3"	"Clusiaceae"	"Harungana"	"Harungana madagascariensis"	5	8.5	8.5	"NA"	"NA"	"NA"	13.5	11	24	48.5	"Ivohibe"	"Zafyson"
"Haru4"	"Clusiaceae"	"Harungana"	"Harungana madagascariensis"	4.5	8.2	16.5	"NA"	"NA"	"NA"	32	41.5	55	128.5	"Ivohibe"	"Zafyson"
"Haru5"	"Clusiaceae"	"Harungana"	"Harungana madagascariensis"	3.5	9	16.5	"NA"	"NA"	"NA"	30	35	37	102	"Ivohibe"	"Zafyson"
"Haru6"	"Clusiaceae"	"Harungana"	"Harungana madagascariensis"	2.5	9	16	"NA"	"NA"	"NA"	41	72	34	147	"Ivohibe"	"Zafyson"
"Haru7"	"Clusiaceae"	"Harungana"	"Harungana madagascariensis"	6	12	25	"NA"	"NA"	"NA"	64	126	124.5	314.5	"Ivohibe"	"Zafyson"
"Haru8"	"Clusiaceae"	"Harungana"	"Harungana madagascariensis"	10	16.5	34	"NA"	"NA"	"NA"	119	433.5	472.5	1025	"Ivohibe"	"Zafyson"
"Haru9"	"Clusiaceae"	"Harungana"	"Harungana madagascariensis"	12.5	20.5	36	"NA"	"NA"	"NA"	149	458	830.5	1437.5	"Ivohibe"	"Zafyson"
"Hom1"	"Salicaceae"	"Homalium"	"Homalium sp1"	5.6	9	7.5	"NA"	"NA"	"NA"	8	10.5	20	38.5	"Ivohibe"	"Zafyson"
"Hom2"	"Salicaceae"	"Homalium"	"Homalium sp2"	6.5	9.5	7	"NA"	"NA"	"NA"	6	4	23	33	"Ivohibe"	"Zafyson"
"Hom3"	"Salicaceae"	"Homalium"	"Homalium sp2"	7.5	10	6.5	"NA"	"NA"	"NA"	3	6	16.5	25.5	"Ivohibe"	"Zafyson"
"Hom4"	"Salicaceae"	"Homalium"	"Homalium sp2"	3	10.5	16.5	"NA"	"NA"	"NA"	76.5	157	68	301.5	"Ivohibe"	"Zafyson"
"Hom5"	"Salicaceae"	"Homalium"	"Homalium sp2"	5.5	11.5	16.5	"NA"	"NA"	"NA"	27	61.5	85.5	174	"Ivohibe"	"Zafyson"
"Hom6"	"Salicaceae"	"Homalium"	"Homalium sp2"	2.5	10.5	17	"NA"	"NA"	"NA"	45	137.5	60.5	243	"Ivohibe"	"Zafyson"
"Hom7"	"Salicaceae"	"Homalium"	"Homalium sp2"	10.5	15.5	27	"NA"	"NA"	"NA"	31.5	124	408.5	564	"Ivohibe"	"Zafyson"
"Hom8"	"Salicaceae"	"Homalium"	"Homalium sp2"	8.5	14	30	"NA"	"NA"	"NA"	29	141	366	536	"Ivohibe"	"Zafyson"
"Hom9"	"Salicaceae"	"Homalium"	"Homalium sp2"	5.5	15	27.5	"NA"	"NA"	"NA"	71	159.5	221.5	452	"Ivohibe"	"Zafyson"
"D1"	"Rubiaceae"	"Hyperacanthus"	"Hyperacanthus sp."	6	12	13	15	12	10	30.5	48.5	71	150	"Fort-Dauphin-Moist"	"Sarobidy"
"D2"	"Rubiaceae"	"Hyperacanthus"	"Hyperacanthus sp."	8	12	10	11	9	8	11	22	75.5	108.5	"Fort-Dauphin-Moist"	"Sarobidy"
"D3"	"Rubiaceae"	"Hyperacanthus"	"Hyperacanthus sp."	6	12	12	13	11	10	27	39	65	131	"Fort-Dauphin-Moist"	"Sarobidy"
"D4"	"Rubiaceae"	"Hyperacanthus"	"Hyperacanthus sp."	12	17	17	19	13	12	29.5	22	218.5	270	"Fort-Dauphin-Moist"	"Sarobidy"
"D5"	"Rubiaceae"	"Hyperacanthus"	"Hyperacanthus sp."	6	14	22	24	20	18	180	125	206	511	"Fort-Dauphin-Moist"	"Sarobidy"
"D6"	"Rubiaceae"	"Hyperacanthus"	"Hyperacanthus sp."	8	13	19	22	17	12	33	127	196	356	"Fort-Dauphin-Moist"	"Sarobidy"
"D7"	"Rubiaceae"	"Hyperacanthus"	"Hyperacanthus sp."	8	18	27	32	24	22	20.5	255	550	825.5	"Fort-Dauphin-Moist"	"Sarobidy"
"D8"	"Rubiaceae"	"Hyperacanthus"	"Hyperacanthus sp."	8	15	29	33	26	23	85	72	456	613	"Fort-Dauphin-Moist"	"Sarobidy"
"D9"	"Rubiaceae"	"Hyperacanthus"	"Hyperacanthus sp."	9	15	26	28	22	16	65	135	335	535	"Fort-Dauphin-Moist"	"Sarobidy"
"Maca1"	"Euphorbiaceae"	"Macaranga"	"Macaranga macropoda"	5.5	10	6	"NA"	"NA"	"NA"	3	2.5	9.5	15	"Ivohibe"	"Zafyson"
"Maca2"	"Euphorbiaceae"	"Macaranga"	"Macaranga macropoda"	5.5	9	8	"NA"	"NA"	"NA"	5	4	17	26	"Ivohibe"	"Zafyson"
"Maca3"	"Euphorbiaceae"	"Macaranga"	"Macaranga macropoda"	6.5	10.5	8	"NA"	"NA"	"NA"	2	4	21	27	"Ivohibe"	"Zafyson"
"Maca4"	"Euphorbiaceae"	"Macaranga"	"Macaranga macropoda"	9.5	13.4	15	"NA"	"NA"	"NA"	7	11.5	69	87.5	"Ivohibe"	"Zafyson"
"Maca5"	"Euphorbiaceae"	"Macaranga"	"Macaranga macropoda"	13.5	18	17.5	"NA"	"NA"	"NA"	16	119	175	310	"Ivohibe"	"Zafyson"
"Maca6"	"Euphorbiaceae"	"Macaranga"	"Macaranga macropoda"	3.5	13	17	"NA"	"NA"	"NA"	43.5	107	61	211.5	"Ivohibe"	"Zafyson"
"Maca7"	"Euphorbiaceae"	"Macaranga"	"Macaranga macropoda"	13.5	19	32	"NA"	"NA"	"NA"	15	60	320	395	"Ivohibe"	"Zafyson"
"Maca8"	"Euphorbiaceae"	"Macaranga"	"Macaranga macropoda"	8	17	26	"NA"	"NA"	"NA"	30	112	285	427	"Ivohibe"	"Zafyson"
"Maca9"	"Euphorbiaceae"	"Macaranga"	"Macaranga macropoda"	12	18	27	"NA"	"NA"	"NA"	51	76	395	522	"Ivohibe"	"Zafyson"
"MAC1"	"Euphorbiaceae"	"Macaranga"	"Macaranga sp."	5.6	9.2	9.55414012738853	"NA"	"NA"	"NA"	8.5	10	28.5	47	"Fandriana"	"Samuelson"
"MAC2"	"Euphorbiaceae"	"Macaranga"	"Macaranga sp."	6	10	9.23566878980892	"NA"	"NA"	"NA"	10.5	11	29	50.5	"Fandriana"	"Samuelson"
"MAC3"	"Euphorbiaceae"	"Macaranga"	"Macaranga sp."	7	10	9.55414012738853	"NA"	"NA"	"NA"	5.5	5	25	35.5	"Fandriana"	"Samuelson"
"MAC4"	"Euphorbiaceae"	"Macaranga"	"Macaranga sp."	4.7	9.9	18.1528662420382	"NA"	"NA"	"NA"	6	55	89	150	"Fandriana"	"Samuelson"
"MAC5"	"Euphorbiaceae"	"Macaranga"	"Macaranga sp."	4	9	15.6050955414013	"NA"	"NA"	"NA"	22	35.5	40	97.5	"Fandriana"	"Samuelson"
"MAC6"	"Euphorbiaceae"	"Macaranga"	"Macaranga sp."	7	11	15.9235668789809	"NA"	"NA"	"NA"	19.5	20	78.5	118	"Fandriana"	"Samuelson"
"Mam1"	"Clusiaceae"	"Mammea"	"Mammea bongo"	7.8	18.56	34	"NA"	33.1	31	681.25	856.5	798	2335.75	"Bealanana"	"Hasina"
"Mam2"	"Clusiaceae"	"Mammea"	"Mammea bongo"	18.7	32.4	54	"NA"	44.3	42.4	656.25	1486.5	3794.5	5937.25	"Bealanana"	"Hasina"
"Mam3"	"Clusiaceae"	"Mammea"	"Mammea bongo"	18.4	30.2	44	"NA"	34.7	29.8	334.75	849.25	1967.25	3151.25	"Bealanana"	"Hasina"
"Mam4"	"Clusiaceae"	"Mammea"	"Mammea bongo"	14.88	31.7	45.6	"NA"	40.3	37.9	449.75	1429.25	1699	3578	"Bealanana"	"Hasina"
"Mam5"	"Clusiaceae"	"Mammea"	"Mammea bongo"	9.4	14.5	14.4	"NA"	11.9	10.7	46.25	20.25	128.25	194.75	"Bealanana"	"Hasina"
"Mam6"	"Clusiaceae"	"Mammea"	"Mammea bongo"	8.5	14.6	14.4	"NA"	14.8	9.4	62.25	38.25	120.5	221	"Bealanana"	"Hasina"
"Mam7"	"Clusiaceae"	"Mammea"	"Mammea bongo"	12.5	17.95	15.4	"NA"	15.5	8.6	45.5	23.5	202	271	"Bealanana"	"Hasina"
"Mam8"	"Clusiaceae"	"Mammea"	"Mammea bongo"	7.7	20.76	35.4	"NA"	26.9	31	256.75	602.25	509.75	1368.75	"Bealanana"	"Hasina"
"Mam9"	"Clusiaceae"	"Mammea"	"Mammea bongo"	7.4	26.7	34	"NA"	29.4	34.6	245.5	1122.25	569	1936.75	"Bealanana"	"Hasina"
"Sym4"	"Clusiaceae"	"Mammea"	"Mammea sp"	6	11	15	"NA"	"NA"	"NA"	27	17	60	104	"Ivohibe"	"Zafyson"
"Sym5"	"Clusiaceae"	"Mammea"	"Mammea sp"	7	11	16	"NA"	"NA"	"NA"	33	16	72	121	"Ivohibe"	"Zafyson"
"Sym6"	"Clusiaceae"	"Mammea"	"Mammea sp"	8	13	17	"NA"	"NA"	"NA"	30	18	79	127	"Ivohibe"	"Zafyson"
"Sym7"	"Clusiaceae"	"Mammea"	"Mammea sp"	13	18	26	"NA"	"NA"	"NA"	72	119	427	618	"Ivohibe"	"Zafyson"
"Sym9"	"Clusiaceae"	"Mammea"	"Mammea sp"	13	17	30	"NA"	"NA"	"NA"	78	105	455	638	"Ivohibe"	"Zafyson"
"J1"	"Clusiaceae"	"Mammea"	"Mammea sp."	9	14	14	16	10	7	15	29	81	125	"Fort-Dauphin-Moist"	"Sarobidy"
"J2"	"Clusiaceae"	"Mammea"	"Mammea sp."	8	18	16	19	13	14	71	50	151	272	"Fort-Dauphin-Moist"	"Sarobidy"
"J3"	"Clusiaceae"	"Mammea"	"Mammea sp."	6	11	10	12	9	7	12	20	44	76	"Fort-Dauphin-Moist"	"Sarobidy"
"J4"	"Clusiaceae"	"Mammea"	"Mammea sp."	13	20	22	27	19	15	78	31	454	563	"Fort-Dauphin-Moist"	"Sarobidy"
"J5"	"Clusiaceae"	"Mammea"	"Mammea sp."	11	15	19	21	17	13	27	36	287	350	"Fort-Dauphin-Moist"	"Sarobidy"
"J6"	"Clusiaceae"	"Mammea"	"Mammea sp."	12	19	20	21	19	12	42	62	350	454	"Fort-Dauphin-Moist"	"Sarobidy"
"J7"	"Clusiaceae"	"Mammea"	"Mammea sp."	15	21	27	30	18	13	95	82	536	713	"Fort-Dauphin-Moist"	"Sarobidy"
"J8"	"Clusiaceae"	"Mammea"	"Mammea sp."	14	25	33	38	28	22	301	209	1034	1544	"Fort-Dauphin-Moist"	"Sarobidy"
"J9"	"Clusiaceae"	"Mammea"	"Mammea sp."	19	25	29	32	24	17	126	102	1017	1245	"Fort-Dauphin-Moist"	"Sarobidy"
"Sym1"	"Apocynaceae"	"Mascarenhasia"	"Mascarenhasia arborescens"	3	9	7.5	"NA"	"NA"	"NA"	3	20	14.5	37.5	"Ivohibe"	"Zafyson"
"Sym2"	"Apocynaceae"	"Mascarenhasia"	"Mascarenhasia arborescens"	3	6.5	8	"NA"	"NA"	"NA"	5	13.5	21	39.5	"Ivohibe"	"Zafyson"
"Nor1"	"Oleaceae"	"Noronhia"	"Noronhia linocerioides"	14.9	25.6	27.5	"NA"	20.4	18.6	34	165.5	550.5	750	"Bealanana"	"Hasina"
"Nor2"	"Oleaceae"	"Noronhia"	"Noronhia linocerioides"	11	16.9	14.5	"NA"	11.9	10.2	41.75	29.75	129.5	201	"Bealanana"	"Hasina"
"Nor3"	"Oleaceae"	"Noronhia"	"Noronhia linocerioides"	4.92	9.6	10.2	"NA"	9.1	7.5	12	13.75	38	63.75	"Bealanana"	"Hasina"
"Nor4"	"Oleaceae"	"Noronhia"	"Noronhia linocerioides"	9	14	10.9	"NA"	9.4	7.2	8.75	8.25	67.25	84.25	"Bealanana"	"Hasina"
"Nor5"	"Oleaceae"	"Noronhia"	"Noronhia linocerioides"	13.94	20.9	32.1	"NA"	25.6	23	54.75	215.5	769	1039.25	"Bealanana"	"Hasina"
"Ocot1"	"Lauraceae"	"Ocotea"	"Ocotea racemosa"	5	9.5	7	"NA"	"NA"	"NA"	2.5	6	15	23.5	"Ivohibe"	"Zafyson"
"Ocot2"	"Lauraceae"	"Ocotea"	"Ocotea racemosa"	8.5	11.5	7	"NA"	"NA"	"NA"	8	5	27	40	"Ivohibe"	"Zafyson"
"Ocot3"	"Lauraceae"	"Ocotea"	"Ocotea racemosa"	6.7	11.3	6	"NA"	"NA"	"NA"	3	4	15	22	"Ivohibe"	"Zafyson"
"Ocot4"	"Lauraceae"	"Ocotea"	"Ocotea cymosa"	9.5	13.5	17.5	"NA"	"NA"	"NA"	40	59	162	261	"Ivohibe"	"Zafyson"
"Ocot5"	"Lauraceae"	"Ocotea"	"Ocotea racemosa"	9	15	17.5	"NA"	"NA"	"NA"	32	49.5	139	220.5	"Ivohibe"	"Zafyson"
"Ocot6"	"Lauraceae"	"Ocotea"	"Ocotea racemosa"	12.5	16	16	"NA"	"NA"	"NA"	31	62	211	304	"Ivohibe"	"Zafyson"
"Ocot7"	"Lauraceae"	"Ocotea"	"Ocotea cymosa"	9.5	14	25	"NA"	"NA"	"NA"	61	64	216	341	"Ivohibe"	"Zafyson"
"Ocot8"	"Lauraceae"	"Ocotea"	"Ocotea cymosa"	10.5	17	28	"NA"	"NA"	"NA"	104	151	335.5	590.5	"Ivohibe"	"Zafyson"
"Ocot9"	"Lauraceae"	"Ocotea"	"Ocotea cymosa"	12	23	36	"NA"	"NA"	"NA"	129	439	805	1373	"Ivohibe"	"Zafyson"
"OCO1"	"Lauraceae"	"Ocotea"	"Ocotea sp."	9.8	11.2	8.59872611464968	"NA"	"NA"	"NA"	6	4	45.5	55.5	"Fandriana"	"Samuelson"
"OCO2"	"Lauraceae"	"Ocotea"	"Ocotea sp."	6	8.5	8.28025477707006	"NA"	"NA"	"NA"	5	7	17.5	29.5	"Fandriana"	"Samuelson"
"OCO3"	"Lauraceae"	"Ocotea"	"Ocotea sp."	5	9	8.59872611464968	"NA"	"NA"	"NA"	6.5	9.5	18	34	"Fandriana"	"Samuelson"
"OCO4"	"Lauraceae"	"Ocotea"	"Ocotea sp."	8.5	10.8	19.1082802547771	"NA"	"NA"	"NA"	7	17.5	113	137.5	"Fandriana"	"Samuelson"
"OCO5"	"Lauraceae"	"Ocotea"	"Ocotea sp."	5.89	11	15.9235668789809	"NA"	"NA"	"NA"	22.5	84.5	173	280	"Fandriana"	"Samuelson"
"OCO6"	"Lauraceae"	"Ocotea"	"Ocotea sp."	7.8	10.5	16.8789808917197	"NA"	"NA"	"NA"	44	63	172.5	279.5	"Fandriana"	"Samuelson"
"OCO7"	"Lauraceae"	"Ocotea"	"Ocotea sp."	10	14	28.343949044586	"NA"	"NA"	"NA"	25	32	350.5	407.5	"Fandriana"	"Samuelson"
"OCO8"	"Lauraceae"	"Ocotea"	"Ocotea sp."	8	12	29.6178343949045	"NA"	"NA"	"NA"	52.5	271.5	448	772	"Fandriana"	"Samuelson"
"OCO9"	"Lauraceae"	"Ocotea"	"Ocotea sp."	12	18	30.8917197452229	"NA"	"NA"	"NA"	90	74	524.5	688.5	"Fandriana"	"Samuelson"
"Rap1"	"Myrsinaceae"	"Oncostemum"	"Oncostemum sp."	4.1	12.57	19.7	"NA"	19.1	16.5	37.75	126.25	117.5	281.5	"Bealanana"	"Hasina"
"Rap2"	"Myrsinaceae"	"Oncostemum"	"Oncostemum sp."	9.77	14.1	16.6	"NA"	11	9.2	3.75	12.25	126.75	142.75	"Bealanana"	"Hasina"
"Rap3"	"Myrsinaceae"	"Oncostemum"	"Oncostemum sp."	6.8	11.18	12.4	"NA"	11	7.6	7	7	76.25	90.25	"Bealanana"	"Hasina"
"Rap4"	"Myrsinaceae"	"Oncostemum"	"Oncostemum sp."	1.16	10.5	23.2	"NA"	19.8	22.1	14.75	177.75	45	237.5	"Bealanana"	"Hasina"
"I1"	"Rubiaceae"	"Opercularia"	"Opercularia decaryii"	2.11	3.21	10.663381187157	14.3876068555073	11.1408460164327	6.81183156433312	"NA"	2.65	20	22.65	"Fort-Dauphin-Dry"	"Sarobidy"
"I2"	"Rubiaceae"	"Opercularia"	"Opercularia decaryii"	1.7	3.77	7.0028174960434	9.32647966518507	8.3715500066337	6.78000057571474	"NA"	1.92	8.98	10.9	"Fort-Dauphin-Dry"	"Sarobidy"
"I3"	"Rubiaceae"	"Opercularia"	"Opercularia decaryii"	3.64	5.16	10.1859163578813	13.3053532424825	9.42197263104021	4.93380323584876	"NA"	1.73	24	25.73	"Fort-Dauphin-Dry"	"Sarobidy"
"I4"	"Rubiaceae"	"Opercularia"	"Opercularia decaryii"	5.2	6.25	16.1701422181366	16.2974661726101	12.76422643597	6.62084563262285	"NA"	4.75	68.25	73	"Fort-Dauphin-Dry"	"Sarobidy"
"I5"	"Rubiaceae"	"Opercularia"	"Opercularia decaryii"	3.83	5.27	14.0374659807052	16.711269024649	12.095775674984	6.27070475782068	"NA"	4	44	48	"Fort-Dauphin-Dry"	"Sarobidy"
"I6"	"Rubiaceae"	"Opercularia"	"Opercularia decaryii"	3.72	5.43	19.0985931710274	21.8678891808264	15.5971844230057	9.54929658551372	"NA"	8.75	81.5	90.25	"Fort-Dauphin-Dry"	"Sarobidy"
"I7"	"Rubiaceae"	"Opercularia"	"Opercularia decaryii"	5.4	7.26	26.4197205532546	26.7380304394384	23.7140865206924	14.0056349920868	"NA"	24.5	194.5	219	"Fort-Dauphin-Dry"	"Sarobidy"
"I8"	"Rubiaceae"	"Opercularia"	"Opercularia decaryii"	3.51	4.43	24.7963401337173	22.2816920328653	22.249861044247	8.27605704077856	"NA"	10	115	125	"Fort-Dauphin-Dry"	"Sarobidy"
"I9"	"Rubiaceae"	"Opercularia"	"Opercularia decaryii"	4.7	6.1	27.4064812004244	27.6929600979898	23.2366216914167	8.91267681314614	"NA"	12	166.5	178.5	"Fort-Dauphin-Dry"	"Sarobidy"
"K1"	"Apocynaceae"	"Pachypodium"	"Pachypodium lameri"	2.7	3.7	10.9816910733408	9.23098669932993	10.8225361302489	4.93380323584876	"NA"	1.19	10.5	11.69	"Fort-Dauphin-Dry"	"Sarobidy"
"K2"	"Apocynaceae"	"Pachypodium"	"Pachypodium lameri"	3.25	4	10.9816910733408	10.8225361302489	12.4140855611678	5.25211312203255	"NA"	1.5	16.45	17.95	"Fort-Dauphin-Dry"	"Sarobidy"
"K3"	"Apocynaceae"	"Pachypodium"	"Pachypodium lameri"	"NA"	3.1	7.79859221150287	7.48028232531908	6.8436625529515	"NA"	"NA"	"NA"	"NA"	"NA"	"Fort-Dauphin-Dry"	"Sarobidy"
"K4"	"Apocynaceae"	"Pachypodium"	"Pachypodium lameri"	"NA"	2.9	8.43521198387045	9.32647966518507	8.11690209768666	"NA"	"NA"	"NA"	"NA"	"NA"	"Fort-Dauphin-Dry"	"Sarobidy"
"K5"	"Apocynaceae"	"Pachypodium"	"Pachypodium lameri"	"NA"	2.6	7.32112738222719	8.33971901801532	7.32112738222719	"NA"	"NA"	"NA"	"NA"	"NA"	"Fort-Dauphin-Dry"	"Sarobidy"
"K6"	"Apocynaceae"	"Pachypodium"	"Pachypodium lameri"	3.05	3.4	9.07183175623804	9.54929658551372	8.75352187005424	4.07436654315252	"NA"	0.48	9.82	10.3	"Fort-Dauphin-Dry"	"Sarobidy"
"K7"	"Apocynaceae"	"Pachypodium"	"Pachypodium lameri"	"NA"	5.15	17.5070437401085	13.3690152197192	12.5732405042597	"NA"	"NA"	1.79	31	32.79	"Fort-Dauphin-Dry"	"Sarobidy"
"K8"	"Apocynaceae"	"Pachypodium"	"Pachypodium lameri"	3.7	5	12.5732405042597	14.6422547644544	22.6000019190491	7.48028232531908	"NA"	7.75	61.75	69.5	"Fort-Dauphin-Dry"	"Sarobidy"
"K9"	"Apocynaceae"	"Pachypodium"	"Pachypodium lameri"	3.35	4.9	31.8309886183791	21.0084524881302	34.0591578216656	11.7774657888003	"NA"	18.5	133.75	152.25	"Fort-Dauphin-Dry"	"Sarobidy"
"Fic3"	"Clusiaceae"	"Psorospermum"	"Psorospermum androsaemifolium"	4.5	9	8.5	"NA"	"NA"	"NA"	8.5	16	24	48.5	"Ivohibe"	"Zafyson"
"Eug1"	"Anacardiaceae"	"Rhus"	"Rhus tarantana"	11.38	20.03	30.1	"NA"	20	16.1	129	117.5	430.5	677	"Bealanana"	"Hasina"
"SCH1"	"Araliaceae"	"Schefflera"	"Schefflera sp."	10.75	11.4	6.36942675159236	"NA"	"NA"	"NA"	0.4	0	17	17.4	"Fandriana"	"Samuelson"
"SCH2"	"Araliaceae"	"Schefflera"	"Schefflera sp."	5.8	11	9.55414012738853	"NA"	"NA"	"NA"	1	11.5	21	33.5	"Fandriana"	"Samuelson"
"SCH3"	"Araliaceae"	"Schefflera"	"Schefflera sp."	5	10	9.55414012738853	"NA"	"NA"	"NA"	2.25	12.5	26	40.75	"Fandriana"	"Samuelson"
"SCH4"	"Araliaceae"	"Schefflera"	"Schefflera sp."	9.1	14	18.4713375796178	"NA"	"NA"	"NA"	14.5	49	168.5	232	"Fandriana"	"Samuelson"
"SCH5"	"Araliaceae"	"Schefflera"	"Schefflera sp."	4.4	9	18.4713375796178	"NA"	"NA"	"NA"	19	86	95	200	"Fandriana"	"Samuelson"
"SCH6"	"Araliaceae"	"Schefflera"	"Schefflera sp."	4	8.5	18.4713375796178	"NA"	"NA"	"NA"	21.5	104	113	238.5	"Fandriana"	"Samuelson"
"SCH7"	"Araliaceae"	"Schefflera"	"Schefflera sp."	6.5	11	31.8471337579618	"NA"	"NA"	"NA"	25	170	456	651	"Fandriana"	"Samuelson"
"SCH8"	"Araliaceae"	"Schefflera"	"Schefflera sp."	5	11	28.6624203821656	"NA"	"NA"	"NA"	50	166.5	234	450.5	"Fandriana"	"Samuelson"
"SCH9"	"Araliaceae"	"Schefflera"	"Schefflera sp."	5	12	31.8471337579618	"NA"	"NA"	"NA"	45	285.5	294.5	625	"Fandriana"	"Samuelson"
"H1"	"Euphorbiaceae"	"Securinega"	"Securinega capironii"	1.58	3.8	3.91521160006063	5.09295817894065	4.07436654315252	4.1061975317709	"NA"	2.74	2.27	5.01	"Fort-Dauphin-Dry"	"Sarobidy"
"H2"	"Euphorbiaceae"	"Securinega"	"Securinega capironii"	1.63	3.36	3.18309886183791	4.29718346348117	3.88338061144225	3.3422538049298	"NA"	2.61	2.16	4.77	"Fort-Dauphin-Dry"	"Sarobidy"
"H3"	"Euphorbiaceae"	"Securinega"	"Securinega capironii"	3.05	4.4	3.18309886183791	4.2653524748628	3.72422566835035	2.41915513499681	"NA"	0.87	2.97	3.84	"Fort-Dauphin-Dry"	"Sarobidy"
"H4"	"Euphorbiaceae"	"Securinega"	"Securinega capironii"	2.6	4.37	4.13802852038928	4.99746521308551	4.13802852038928	3.37408479354818	"NA"	4.08	3.96	8.04	"Fort-Dauphin-Dry"	"Sarobidy"
"H5"	"Euphorbiaceae"	"Securinega"	"Securinega capironii"	2.64	4.9	6.11154981472878	7.0028174960434	6.20704278058392	4.77464829275686	"NA"	8.85	8.19	17.04	"Fort-Dauphin-Dry"	"Sarobidy"
"H6"	"Euphorbiaceae"	"Securinega"	"Securinega capironii"	0.86	4.37	5.41126806512444	7.63943726841098	6.8436625529515	6.6845076098596	"NA"	8.93	6.09	15.02	"Fort-Dauphin-Dry"	"Sarobidy"
"H7"	"Euphorbiaceae"	"Securinega"	"Securinega capironii"	3.35	6.65	8.43521198387045	9.86760647169751	8.3715500066337	7.89408517735801	"NA"	25	22.56	47.56	"Fort-Dauphin-Dry"	"Sarobidy"
"H8"	"Euphorbiaceae"	"Securinega"	"Securinega capironii"	2.4	6.05	10.1222543806445	11.6183108457084	9.70845152860562	7.32112738222719	"NA"	33.5	23.79	57.29	"Fort-Dauphin-Dry"	"Sarobidy"
"H9"	"Euphorbiaceae"	"Securinega"	"Securinega capironii"	1.35	5.04	7.63943726841098	8.91267681314614	8.27605704077856	7.95774715459477	"NA"	18	7.55	25.55	"Fort-Dauphin-Dry"	"Sarobidy"
"I1"	"Moraceae"	"Streblus"	"Streblus dimepata"	6	12	11	13	10	9	31	10	65	106	"Fort-Dauphin-Moist"	"Sarobidy"
"I2"	"Moraceae"	"Streblus"	"Streblus dimepata"	6	11	9	10	7	6	12	7	49	68	"Fort-Dauphin-Moist"	"Sarobidy"
"I3"	"Moraceae"	"Streblus"	"Streblus dimepata"	9	11	10	10	10	9	18	13	49	80	"Fort-Dauphin-Moist"	"Sarobidy"
"I4"	"Moraceae"	"Streblus"	"Streblus dimepata"	9	17	17	20	13	10	48	11	158.5	217.5	"Fort-Dauphin-Moist"	"Sarobidy"
"I5"	"Moraceae"	"Streblus"	"Streblus dimepata"	13	19	17	20	15	10	38	24	214	276	"Fort-Dauphin-Moist"	"Sarobidy"
"I6"	"Moraceae"	"Streblus"	"Streblus dimepata"	4	12	18	21	14	16	117	11	115	243	"Fort-Dauphin-Moist"	"Sarobidy"
"I7"	"Moraceae"	"Streblus"	"Streblus dimepata"	9	18	27	29	23	21	232	69	421	722	"Fort-Dauphin-Moist"	"Sarobidy"
"I8"	"Moraceae"	"Streblus"	"Streblus dimepata"	10	17	27	28	20	15	120	55	400	575	"Fort-Dauphin-Moist"	"Sarobidy"
"I9"	"Moraceae"	"Streblus"	"Streblus dimepata"	13	17	27	29	20	11	45	25	395	465	"Fort-Dauphin-Moist"	"Sarobidy"
"L1"	"Loganiaceae"	"Strychnos"	"Strychnos madagascariensis"	2.2	3.9	3.3422538049298	4.36084544071793	3.46957775940332	2.32366216914167	"NA"	0.97	2.18	3.15	"Fort-Dauphin-Dry"	"Sarobidy"
"L2"	"Loganiaceae"	"Strychnos"	"Strychnos madagascariensis"	1.85	5.7	3.81971863420549	4.61549334966497	3.81971863420549	3.5014087480217	"NA"	3.36	2.9	6.26	"Fort-Dauphin-Dry"	"Sarobidy"
"L3"	"Loganiaceae"	"Strychnos"	"Strychnos madagascariensis"	2.25	5.25	4.45633840657307	5.41126806512444	4.52000038380983	4.13802852038928	"NA"	3.89	4.07	7.96	"Fort-Dauphin-Dry"	"Sarobidy"
"L4"	"Loganiaceae"	"Strychnos"	"Strychnos madagascariensis"	2.67	4.95	4.58366236104659	6.16884559424186	4.67915532690172	4.55183137242821	"NA"	4.25	6.09	10.34	"Fort-Dauphin-Dry"	"Sarobidy"
"L5"	"Loganiaceae"	"Strychnos"	"Strychnos decussata"	2.08	3.75	4.16985950900766	6.46169068953095	4.90197224723038	4.13802852038928	"NA"	5.83	4.52	10.35	"Fort-Dauphin-Dry"	"Sarobidy"
"L6"	"Loganiaceae"	"Strychnos"	"Strychnos madagascariensis"	2.15	4.9	3.81971863420549	6.04788783749202	4.45633840657307	3.3422538049298	"NA"	3.06	3.68	6.74	"Fort-Dauphin-Dry"	"Sarobidy"
"L7"	"Loganiaceae"	"Strychnos"	"Strychnos madagascariensis"	2.65	4.7	5.57042300821634	8.75352187005424	5.57042300821634	4.45633840657307	"NA"	4	7.38	11.38	"Fort-Dauphin-Dry"	"Sarobidy"
"L8"	"Loganiaceae"	"Strychnos"	"Strychnos decussata"	1.76	4.7	6.55718365538609	9.80394449446075	6.8436625529515	6.04788783749202	"NA"	9.86	8.5	18.36	"Fort-Dauphin-Dry"	"Sarobidy"
"L9"	"Loganiaceae"	"Strychnos"	"Strychnos madagascariensis"	2.9	6.1	9.39014164242183	11.3000009595246	9.07183175623804	8.11690209768666	"NA"	30.99	22.33	53.32	"Fort-Dauphin-Dry"	"Sarobidy"
"SYM1"	"Clusiaceae"	"Symphonia"	"Symphonia sp."	6.4	9	9.55414012738853	"NA"	"NA"	"NA"	10	9.5	36	55.5	"Fandriana"	"Samuelson"
"SYM2"	"Clusiaceae"	"Symphonia"	"Symphonia sp."	8	6.4	7.00636942675159	"NA"	"NA"	"NA"	2.5	2.5	21	26	"Fandriana"	"Samuelson"
"SYM3"	"Clusiaceae"	"Symphonia"	"Symphonia sp."	6.2	8.54	9.55414012738853	"NA"	"NA"	"NA"	6.5	4.5	33.5	44.5	"Fandriana"	"Samuelson"
"SYM4"	"Clusiaceae"	"Symphonia"	"Symphonia sp."	5.53	8.36	16.5605095541401	"NA"	"NA"	"NA"	37.5	27.5	118.5	183.5	"Fandriana"	"Samuelson"
"SYM5"	"Clusiaceae"	"Symphonia"	"Symphonia sp."	7.3	10.5	15.9235668789809	"NA"	"NA"	"NA"	5.75	20.5	103	129.25	"Fandriana"	"Samuelson"
"SYM6"	"Clusiaceae"	"Symphonia"	"Symphonia sp."	13.5	16	19.1082802547771	"NA"	"NA"	"NA"	61.5	165.5	295.5	522.5	"Fandriana"	"Samuelson"
"SYM7"	"Clusiaceae"	"Symphonia"	"Symphonia sp."	9	15.5	28.6624203821656	"NA"	"NA"	"NA"	82.5	216	496	794.5	"Fandriana"	"Samuelson"
"SYM8"	"Clusiaceae"	"Symphonia"	"Symphonia sp."	15.2	19	28.9808917197452	"NA"	"NA"	"NA"	49.5	85.75	697.5	832.75	"Fandriana"	"Samuelson"
"SYM9"	"Clusiaceae"	"Symphonia"	"Symphonia sp."	11	18	29.6178343949045	"NA"	"NA"	"NA"	102	156.5	609.5	868	"Fandriana"	"Samuelson"
"Syz1"	"Myrtaceae"	"Syzygium"	"Syzygium emirnensis"	4.5	8.5	7	"NA"	"NA"	"NA"	4	5	14	23	"Ivohibe"	"Zafyson"
"Syz2"	"Myrtaceae"	"Syzygium"	"Syzygium emirnensis"	4.5	8	6	"NA"	"NA"	"NA"	1.5	3	13	17.5	"Ivohibe"	"Zafyson"
"Syz3"	"Myrtaceae"	"Syzygium"	"Syzygium emirnensis"	6.5	8	6.5	"NA"	"NA"	"NA"	7	2	20	29	"Ivohibe"	"Zafyson"
"Syz4"	"Myrtaceae"	"Syzygium"	"Syzygium emirnensis"	13.5	17.5	17	"NA"	"NA"	"NA"	37	38	248	323	"Ivohibe"	"Zafyson"
"Syz5"	"Myrtaceae"	"Syzygium"	"Syzygium emirnensis"	8	14.5	17	"NA"	"NA"	"NA"	19	77.5	143	239.5	"Ivohibe"	"Zafyson"
"Syz6"	"Myrtaceae"	"Syzygium"	"Syzygium emirnensis"	10.5	18	17	"NA"	"NA"	"NA"	31	76	228	335	"Ivohibe"	"Zafyson"
"Syz7"	"Myrtaceae"	"Syzygium"	"Syzygium emirnensis"	12.5	19	32	"NA"	"NA"	"NA"	20	238	649	907	"Ivohibe"	"Zafyson"
"Syz8"	"Myrtaceae"	"Syzygium"	"Syzygium sp"	9.5	21	36	"NA"	"NA"	"NA"	238.5	893.5	884	2016	"Ivohibe"	"Zafyson"
"Syz9"	"Myrtaceae"	"Syzygium"	"Syzygium emirnensis"	11	20	30	"NA"	"NA"	"NA"	61	324	554	939	"Ivohibe"	"Zafyson"
"E1"	"Monimiaceae"	"Tambourissa"	"Tambourissa thouvenotii"	11	14	14	16	11	5	3	5	97	105	"Fort-Dauphin-Moist"	"Sarobidy"
"E2"	"Monimiaceae"	"Tambourissa"	"Tambourissa thouvenotii"	13	16	14	16	13	8	58.5	11	123	192.5	"Fort-Dauphin-Moist"	"Sarobidy"
"E3"	"Monimiaceae"	"Tambourissa"	"Tambourissa thouvenotii"	9	14	16	18	15	9	26	16	158	200	"Fort-Dauphin-Moist"	"Sarobidy"
"E4"	"Monimiaceae"	"Tambourissa"	"Tambourissa thouvenotii"	11	17	22	26	16	12	40	11	226	277	"Fort-Dauphin-Moist"	"Sarobidy"
"E5"	"Monimiaceae"	"Tambourissa"	"Tambourissa thouvenotii"	9	18	21	20	18	15	101	14	234	349	"Fort-Dauphin-Moist"	"Sarobidy"
"E6"	"Monimiaceae"	"Tambourissa"	"Tambourissa thouvenotii"	11	18	22	25	16	18	81	24	290	395	"Fort-Dauphin-Moist"	"Sarobidy"
"E7"	"Monimiaceae"	"Tambourissa"	"Tambourissa thouvenotii"	11	18	27	31	19	16	35	40	371	446	"Fort-Dauphin-Moist"	"Sarobidy"
"E8"	"Monimiaceae"	"Tambourissa"	"Tambourissa thouvenotii"	6	17	37	42	34	32	590	60	580	1230	"Fort-Dauphin-Moist"	"Sarobidy"
"E9"	"Monimiaceae"	"Tambourissa"	"Tambourissa thouvenotii"	9	12	27	29	20	11	50	35	350	435	"Fort-Dauphin-Moist"	"Sarobidy"
"F1"	"Combretaceae"	"Terminalia"	"Terminalia disjuncta"	2.35	4.22	5.57042300821634	8.27605704077856	5.41126806512444	4.39267642933631	"NA"	11	6.19	17.19	"Fort-Dauphin-Dry"	"Sarobidy"
"F2"	"Combretaceae"	"Terminalia"	"Terminalia mantaly"	3.98	6.1	7.16197243913529	8.91267681314614	7.32112738222719	5.82507091716337	"NA"	16.75	16.87	33.62	"Fort-Dauphin-Dry"	"Sarobidy"
"F3"	"Combretaceae"	"Terminalia"	"Terminalia mantaly"	1.92	3.24	3.81971863420549	5.50676103097958	3.97887357729738	3.5014087480217	"NA"	4.35	2.94	7.29	"Fort-Dauphin-Dry"	"Sarobidy"
"F4"	"Combretaceae"	"Terminalia"	"Terminalia disjuncta"	1.87	4.43	7.63943726841098	9.86760647169751	7.48028232531908	7.0028174960434	"NA"	49	10.88	59.88	"Fort-Dauphin-Dry"	"Sarobidy"
"F5"	"Combretaceae"	"Terminalia"	"Terminalia mantaly"	2.85	4.64	4.13802852038928	5.25211312203255	3.97887357729738	3.08760589598277	"NA"	3	4.79	7.79	"Fort-Dauphin-Dry"	"Sarobidy"
"F6"	"Combretaceae"	"Terminalia"	"Terminalia mantaly"	3	6.28	7.32112738222719	10.3450713009732	8.11690209768666	6.04788783749202	"NA"	21.5	17.57	39.07	"Fort-Dauphin-Dry"	"Sarobidy"
"F7"	"Combretaceae"	"Terminalia"	"Terminalia mantaly"	4.45	9.5	13.0507053335354	15.2152125595852	12.2549306180759	10.7270431643937	"NA"	58.25	58.75	117	"Fort-Dauphin-Dry"	"Sarobidy"
"F8"	"Combretaceae"	"Terminalia"	"Terminalia mantaly"	3.8	8.8	10.0267614147894	11.9684517205105	10.1222543806445	9.32647966518507	"NA"	32	31	63	"Fort-Dauphin-Dry"	"Sarobidy"
"F9"	"Combretaceae"	"Terminalia"	"Terminalia disjuncta"	2.3	5.8	8.33971901801532	9.48563460827696	8.65802890419911	7.41662034808232	"NA"	27	11.82	38.82	"Fort-Dauphin-Dry"	"Sarobidy"
"Nor6"	"Oleaceae"	"Tisonia"	"Tisonia coriacea"	8.68	20.06	26	"NA"	24.4	22	132	377	398	907	"Bealanana"	"Hasina"
"Amp1"	"Moraceae"	"Trophis"	"Trophis montana"	8.25	17.8	15.8	"NA"	13.5	10.1	28.75	41	115	184.75	"Bealanana"	"Hasina"
"Amp2"	"Moraceae"	"Trophis"	"Trophis montana"	5	12.5	15.1	"NA"	14.4	10.7	30.25	63.5	83.75	177.5	"Bealanana"	"Hasina"
"Amp4"	"Moraceae"	"Trophis"	"Trophis montana"	7.1	13.2	27	"NA"	22	18	116	125.75	274.5	516.25	"Bealanana"	"Hasina"
"Amp5"	"Moraceae"	"Trophis"	"Trophis montana"	8.2	15.1	28.3	"NA"	23.5	21.8	285	271.25	426.5	982.75	"Bealanana"	"Hasina"
"A1"	"Euphorbiaceae"	"Uapaca"	"Uapaca thouarsii"	6	10	14	15	13	12	29	38	86	153	"Fort-Dauphin-Moist"	"Sarobidy"
"A2"	"Euphorbiaceae"	"Uapaca"	"Uapaca thouarsii"	8	11	12	15	11	8	16	28	81	125	"Fort-Dauphin-Moist"	"Sarobidy"
"A3"	"Euphorbiaceae"	"Uapaca"	"Uapaca thouarsii"	16	10	13	15	11	10	26	27	64	117	"Fort-Dauphin-Moist"	"Sarobidy"
"A4"	"Euphorbiaceae"	"Uapaca"	"Uapaca thouarsii"	6	17	24	27	24	23	160	47	269	476	"Fort-Dauphin-Moist"	"Sarobidy"
"A5"	"Euphorbiaceae"	"Uapaca"	"Uapaca thouarsii"	7	13	19	21	18	17	137	85	186	408	"Fort-Dauphin-Moist"	"Sarobidy"
"A6"	"Euphorbiaceae"	"Uapaca"	"Uapaca thouarsii"	11	16	19	22	16	13	56	85	257	398	"Fort-Dauphin-Moist"	"Sarobidy"
"A7"	"Euphorbiaceae"	"Uapaca"	"Uapaca thouarsii"	9	15	28	31	23	22	210	116	422	748	"Fort-Dauphin-Moist"	"Sarobidy"
"A8"	"Euphorbiaceae"	"Uapaca"	"Uapaca thouarsii"	5	14	32	33	29	28	350	125	411	886	"Fort-Dauphin-Moist"	"Sarobidy"
"A9"	"Euphorbiaceae"	"Uapaca"	"Uapaca thouarsii"	10	16	25	26	22	19	193	90	431	714	"Fort-Dauphin-Moist"	"Sarobidy"
"Sym3"	"Cunoniaceae"	"Weinmannia"	"Weinmannia bojeri"	2	7	7.5	"NA"	"NA"	"NA"	12	11	10	33	"Ivohibe"	"Zafyson"
"Sym8"	"Cunoniaceae"	"Weinmannia"	"Weinmannia bojeri"	1.5	8	30	"NA"	"NA"	"NA"	72	119	427	618	"Ivohibe"	"Zafyson"
"WEI4"	"Cunoniaceae"	"Weinmannia"	"Weinmannia sp."	5.6	10.5	19.1082802547771	"NA"	"NA"	"NA"	6.5	50	127	183.5	"Fandriana"	"Samuelson"
"WEI1"	"Cunoniaceae"	"Weinmannia"	"Weinmannia sp."	8.3	12.1	9.55414012738853	"NA"	"NA"	"NA"	8	5.5	47	60.5	"Fandriana"	"Samuelson"
"WEI2"	"Cunoniaceae"	"Weinmannia"	"Weinmannia sp."	3.5	8	8.9171974522293	"NA"	"NA"	"NA"	6	14.5	19	39.5	"Fandriana"	"Samuelson"
"WEI3"	"Cunoniaceae"	"Weinmannia"	"Weinmannia sp."	6.2	8.3	7.00636942675159	"NA"	"NA"	"NA"	6	3	20	29	"Fandriana"	"Samuelson"
"WEI5"	"Cunoniaceae"	"Weinmannia"	"Weinmannia sp."	5.6	10.4	19.1082802547771	"NA"	"NA"	"NA"	10	50	114.5	174.5	"Fandriana"	"Samuelson"
"WEI6"	"Cunoniaceae"	"Weinmannia"	"Weinmannia sp."	4	8	16.8789808917197	"NA"	"NA"	"NA"	10	50.5	93.5	154	"Fandriana"	"Samuelson"
"WEI7"	"Cunoniaceae"	"Weinmannia"	"Weinmannia sp."	8.5	13.75	28.6624203821656	"NA"	"NA"	"NA"	31	76.5	962.5	1070	"Fandriana"	"Samuelson"
"WEI8"	"Cunoniaceae"	"Weinmannia"	"Weinmannia sp."	2.4	6.5	28.9808917197452	"NA"	"NA"	"NA"	29.5	223	147	399.5	"Fandriana"	"Samuelson"
"WEI9"	"Cunoniaceae"	"Weinmannia"	"Weinmannia sp."	2.2	8.3	31.8471337579618	"NA"	"NA"	"NA"	52	281	263	596	"Fandriana"	"Samuelson"
"C8"	"Cunoniae"	"Weinmannia"	"Weinmannia sp."	11	26	33	34	27	25	462	72	660	1194	"Fort-Dauphin-Moist"	"Sarobidy"
